family_id	domain	name	issuer	object_type	grammar_class	regex_exactness	status	canonical_form	examples	aliases_variations	candidate_regex_python	normalization	required_context	semantic_validation	uniqueness_key_scope	privacy_class	edge_cases	source_ids	repository_ids	confidence
clinicaltrials.nct	agency_program_technical	ClinicalTrials.gov NCT number	National Library of Medicine	registered study	formal	candidate	current	NCT + eight digits	NCT01234567		\bNCT\d{8}\b	Uppercase NCT.		Lookup ClinicalTrials.gov.	ClinicalTrials.gov namespace	public	NCT is assigned after registration submission; protocol numbers and other registry IDs are separate.	clinicaltrials		high
cyber.cve	agency_program_technical	CVE ID	CVE Program / authorized CNAs	vulnerability	standards	candidate	current	CVE-YYYY-sequence of at least four digits	CVE-2024-12345 | CVE-1999-0001		\bCVE-\d{4}-\d{4,}\b	Uppercase CVE.		Lookup CVE record and status; NVD is an enrichment source, not the assigning authority.	CVE namespace	public	Not a federal-government identifier, although NIST NVD tracks it; rejected/reserved records and aliases require lifecycle handling.	cve		high
education.eric_accession	agency_program_technical	ERIC accession number	Institute of Education Sciences / ERIC	education research record	formal	candidate	current	ED/EJ + six or seven digits	ED123456 | EJ1234567		\bE[DJ]\d{6,7}\b	Uppercase.		Lookup ERIC.	ERIC namespace	public	ED documents and EJ journal articles use distinct prefixes; not the DOI.	niem		medium
education.nces_district_id	agency_program_technical	NCES local education agency/district ID	National Center for Education Statistics	school district/LEA	controlled	lookup	current	Seven digits	1100030		^\d{7}$	Preserve leading zeros.	NCES LEA/district field.	Lookup school-year NCES LEA directory.	school-year + NCES LEA ID	public	Vintage-specific; seven digits are generic without context.	niem	niem_repo	medium
education.nces_school_id	agency_program_technical	NCES school ID	National Center for Education Statistics	school	controlled	lookup	current	Twelve digits	110003000001		^\d{12}$	Preserve leading zeros.	NCES school field.	Lookup school-year NCES directory.	school-year + NCES school ID	public	Often constructed from district ID plus school sequence; schools close/reopen and IDs can change. Collides with EPA IDs by shape.	niem	niem_repo	medium
epa.frs_registry_id	agency_program_technical	EPA Facility Registry Service Registry ID	Environmental Protection Agency	facility/site	formal	contextual	current	Twelve digits	110012345678		\b\d{12}\b	Preserve leading zeros.	FRS/EPA facility field.	Lookup in FRS; crosswalk program-system IDs.	EPA FRS namespace	public	FRS integrates many program IDs; one physical site may have many source-system facility IDs.	epa_frs		high
epa.npdes_permit	agency_program_technical	NPDES permit number	EPA / authorized state	water-discharge permit	delegated	broad	current	Common form two-letter jurisdiction + seven digits	DC0000221 | VA0099999		\b[A-Z]{2}\d{7}\b	Uppercase jurisdiction.	NPDES/permit context.	Lookup in ECHO/state NPDES data.	issuing jurisdiction + permit number	public	General-permit coverage IDs and state systems can add letters/suffixes; common regex is not exhaustive.	epa_frs		medium
epa.rcra_handler_id	agency_program_technical	RCRA Handler ID	EPA / authorized state	hazardous-waste handler	formal	broad	current	4–12 alphanumeric characters; commonly state/territory prefix + program character + serial	VAD000123456 | NND000123456		\b[A-Z]{2}[A-Z0-9]{2,10}\b	Uppercase.	RCRA/EPA handler context.	Lookup in RCRAInfo and validate jurisdiction prefix.	RCRAInfo handler namespace	public	Format/length varies; NN is used in some federal/non-state contexts. Do not infer a facility identity across program IDs without FRS crosswalk.	epa_rcra		high
epa.rmp_facility_id	agency_program_technical	EPA Risk Management Plan facility ID	Environmental Protection Agency	RMP facility	formal	contextual	current	Twelve digits	100000000001		\b\d{12}\b	Preserve leading zeros.	RMP facility field.	Lookup in RMP data.	EPA RMP namespace	public_or_restricted	Same length as FRS Registry ID; program context required and sensitive facility details may be restricted.	epa_rmp		high
epa.tri_facility_id	agency_program_technical	TRI Facility ID	EPA Toxics Release Inventory	facility	delegated	broad	current	Program-assigned value up to 15 characters	12345ABCDEF12345		\b[A-Z0-9]{5,15}\b	Uppercase.	TRI Facility ID field.	Lookup in TRI data.	TRI facility namespace	public	No safe universal grammar; often derived from location/name history and may change after facility changes.	epa_tri		high
faa.n_number	agency_program_technical	U.S. aircraft registration N‑number	Federal Aviation Administration	aircraft	formal	candidate	current	N + 1–5 characters under FAA digit/letter rules	N12345 | N1234A | N123AB		\bN(?:[1-9]\d{0,4}|[1-9]\d{0,3}[A-HJ-NP-Z]|[1-9]\d{0,2}[A-HJ-NP-Z]{2})\b	Uppercase; remove spaces/hyphens.		Apply FAA formation rules and registry lookup.	FAA aircraft registration namespace	public	Letters I and O are prohibited; first digit cannot be zero; N1–N99 are reserved for FAA internal use; historical NC/NX/NR/NL markings are display categories, not modern base N-number grammar.	faa_nnumber		high
fcc.docket	agency_program_technical	FCC docket number	Federal Communications Commission	proceeding	controlled	broad	current	Bureau/proceeding prefix + YY-serial, or RM-series	WC Docket No. 19-195 | GN Docket No. 23-65 | ET Docket No. 24-1 | RM-12345		(?i)\b(?:(?P<type>WC|GN|ET|MB|WT|PS|CG|CC|EB)\s+Docket\s+No\.?\s*(?P<year>\d{2})-(?P<number>\d{1,3})|RM-(?P<rm>\d{3,6}))\b	Uppercase prefix; preserve serial.		Lookup in ECFS and update docket-prefix list.	FCC docket namespace	public	Several dockets can be joined in one proceeding; older CC/MM/PR and other series exist.	fcc_uls		high
fcc.facility_id	agency_program_technical	FCC broadcast Facility ID	Federal Communications Commission	broadcast facility	formal	contextual	current	Numeric identifier of variable length	12345 | 74167		\b\d{1,7}\b	Integer; preserve source display.	Explicit FCC Facility ID field.	Lookup in FCC LMS/CDBS facility data.	FCC facility namespace	public	Bare number is unusable without Facility ID/broadcast context; call signs can change while facility ID persists.	fcc_uls		high
fcc.frn	agency_program_technical	FCC Registration Number (FRN)	Federal Communications Commission	person/entity registrant	formal	contextual	current	Ten digits	0001234567		\b\d{10}\b	Preserve leading zeros.	FCC FRN/CORES context.	Lookup in FCC CORES where permitted.	FCC FRN namespace	sensitive	Ten digits collide with NPI/CIK/FEI; FRN can be associated with sensitive registration data.	fcc_frn		high
fcc.id	agency_program_technical	FCC equipment authorization ID	Federal Communications Commission	radio-frequency device authorization	formal	broad	current	Grantee code + product code, commonly printed with optional hyphen	ABC123 | 2ABCD-XYZ123		(?i)\b[A-Z0-9]{3,5}-?[A-Z0-9._-]{1,14}\b	Uppercase; preserve/display grantee-product boundary from FCC registry.	FCC ID label/device context.	Lookup in FCC equipment authorization database; validate grantee code.	FCC equipment authorization namespace	public	The grantee-code length rules changed; no-space labels and logos complicate OCR. Broad regex has extreme collision risk.	fcc_uls		medium
fec.candidate_id	agency_program_technical	FEC candidate ID	Federal Election Commission	federal candidate	formal	candidate	current	Nine uppercase alphanumeric characters beginning H, S, or P	H8VA01233 | S0NY00188 | P80001571		\b[HSP][A-Z0-9]{8}\b	Uppercase.	FEC/candidate/campaign-finance context.	Lookup in FEC candidate data and validate office/state/district semantics.	FEC candidate namespace	public	Presidential IDs have different internal semantics from House/Senate IDs; election-cycle digit does not alone establish candidate identity over time.	fec_ids		high
fec.committee_id	agency_program_technical	FEC committee ID	Federal Election Commission	political committee	formal	candidate	current	C + eight digits	C00483677		\bC\d{8}\b	Uppercase C.		Lookup in FEC committee data.	FEC committee namespace	public	Committees can terminate, change names or be affiliated; ID persists in filings.	fec_ids		high
fema.declaration_variant	agency_program_technical	FEMA declaration/document display variant	Federal Emergency Management Agency	disaster declaration	alias	candidate	current	FEMA-{serial}-{DR|EM|FM}	FEMA-4652-DR | FEMA-3591-EM		(?i)\bFEMA-(?P<number>\d{1,4})-(?P<type>DR|EM|FM)\b	Normalize to type-number and link state/date from registry.		Lookup FEMA declarations.	FEMA declaration namespace	public	Same object as DR-####-ST style, not a second identifier; state may be omitted.	fema_disasters		high
fema.disaster_number	agency_program_technical	FEMA disaster declaration number	Federal Emergency Management Agency / President	disaster declaration	formal	candidate	current	{DR|EM|FM|historical FSA}-{serial}[-state/territory]	DR-4036-DC | EM-3652-HI | FM-5478-CA | FSA-2005-AK		(?i)\b(?P<type>DR|EM|FM|FSA)-(?P<number>\d{1,4})(?:-(?P<state>[A-Z]{2}))?\b	Uppercase type/state; preserve serial.		Lookup FEMA declarations and incident type/state.	FEMA declaration type + serial	public	Public declaration ID can be printed as FEMA-####-DR, DR-####-ST, or just ####; Regulations.gov docket IDs such as FEMA-2022-0001 are unrelated.	fema_disasters		high
ferc.accession_number	agency_program_technical	FERC eLibrary accession number	Federal Energy Regulatory Commission	filed/issued document	formal	candidate	current	YYYYMMDD-four-digit sequence	19940824-0052 | 20240115-5001		\b(?P<date>\d{8})-(?P<sequence>\d{4})\b	Preserve zero padding.		Validate date and lookup in eLibrary.	FERC eLibrary accession namespace	public	Accession date can be filing/processing-related; not the docket number.	ferc		high
ferc.docket	agency_program_technical	FERC docket/subdocket number	Federal Energy Regulatory Commission	proceeding	compound	heuristic	current	Proceeding-type prefix + two-digit year + serial + optional three-digit subdocket	ER11-4046-001 | CP13-113-000 | RM96-1-000		(?i)\b(?P<type>[A-Z]{1,4})(?P<year>\d{2})-(?P<serial>\d{1,5})(?:-(?P<sub>\d{3}))?\b	Uppercase type; preserve zero padding.	FERC/docket context.	Lookup in FERC eLibrary and validate docket-type code.	FERC docket namespace	public	Subdocket suffix is significant; letter prefixes vary widely and historical proceedings have other formats.	ferc		high
ferc.order_opinion_number	agency_program_technical	FERC order/opinion number	Federal Energy Regulatory Commission	precedential order/opinion	formal	candidate	current	{Order|Opinion} No. serial[-letter revision]	Order No. 888-A | Opinion No. 409-A		(?i)\b(?P<type>Order|Opinion)\s+No\.?\s*(?P<number>\d+)(?:-(?P<revision>[A-Z]))?\b	Capitalize type; uppercase revision.		Lookup FERC order/opinion index.	FERC instrument series + number + revision	public	Lettered rehearing/revision is part of the cited instrument; one order may span many dockets.	ferc		high
fmcsa.docket_number_legacy	agency_program_technical	FMCSA operating-authority docket number	FMCSA / predecessors	motor carrier authority	formal	candidate	current_legacy_transition	{MC|FF|MX} + serial	MC 123456 | FF-12345 | MX 123456		(?i)\b(?P<type>MC|FF|MX)[- ]?(?P<number>\d{1,7})\b	Uppercase prefix; canonical display prefix-space-number.		Lookup in FMCSA Licensing & Insurance; retain while active/historical.	FMCSA authority series + number	public	FMCSA has proposed moving to USDOT-based identifiers, but MC/FF/MX numbers remain necessary for historical/current records until authoritative retirement.	fmcsa		high
fmcsa.usdot	agency_program_technical	USDOT number	Federal Motor Carrier Safety Administration	motor carrier/entity	formal	contextual	current	Numeric FMCSA carrier identifier	USDOT 1234567 | 1234567		(?i)\b(?:USDOT\s*(?:No\.?\s*)?)?(?P<number>\d{1,9})\b	Store integer plus displayed digits; do not invent padding.	USDOT/FMCSA/carrier context.	Lookup in SAFER/FMCSA.	FMCSA USDOT namespace	public	Historical length grows over time; proposed modernization adds registration-type suffix letters, but unsuffixed numeric USDOT remains the established public identifier until final implementation data says otherwise.	fmcsa		high
fmcsa.usdot_registration_suffix	agency_program_technical	Proposed FMCSA USDOT registration-type suffix	Federal Motor Carrier Safety Administration	registration authority type	future_proposed	lookup	proposed	USDOT number + one or more controlled suffix letters	1234567C | 1234567CH		\b\d{1,9}[CVPHBFEXZNR]{1,3}\b	Uppercase suffix; split base USDOT and type codes.		Apply only when FMCSA final rules/system documentation show the suffix is operational; validate code combination.	USDOT + registration-type code	public	As of the 2026 proposal/modernization materials, suffix adoption and legacy MC-number phaseout are not universal final-state assumptions.	fmcsa		high
geo.cbsa_code	agency_program_technical	Core Based Statistical Area code	Office of Management and Budget / Census Bureau	metropolitan/micropolitan area	controlled	lookup	current	Five digits	47900 | 35620		^\d{5}$	Preserve leading zeros.	CBSA field.	Lookup OMB delineation/vintage.	delineation vintage + CBSA code	public	Same shape as ZIP/FIPS combined codes; area composition and code can change with OMB delineations.	census_geography		high
geo.census_block_geoid	agency_program_technical	Census block GEOID	U.S. Census Bureau	census block	compound	lookup	current	2 state + 3 county + 6 tract + 1 block group + 3 block digits	110010001001001		^\d{15}$	Preserve leading zeros.	Census block GEOID field.	Lookup census vintage.	vintage + 15-digit GEOID	public	Block identity is vintage-specific; redistricting/decennial products can expose related variants.	census_geography		high
geo.census_block_group_geoid	agency_program_technical	Census block group GEOID	U.S. Census Bureau	block group	compound	lookup	current	11-digit tract GEOID + one block-group digit	110010001001		^\d{12}$	Preserve leading zeros.	Census block group GEOID field.	Lookup census vintage.	vintage + 12-digit GEOID	public	Same shape as EPA 12-digit IDs; field/context required.	census_geography		high
geo.census_place_geoid	agency_program_technical	Census place GEOID	U.S. Census Bureau	place	compound	lookup	current	Two-digit state + five-digit place code	1150000 | 0644000		^\d{7}$	Preserve leading zeros.	Census place GEOID field.	Lookup geography vintage.	vintage + state + place	public	Place code can be compared only within state/vintage; seven digits collide with school/agency IDs.	census_geography		high
geo.census_tract_geoid	agency_program_technical	Census tract GEOID	U.S. Census Bureau	census tract	compound	lookup	current	2 state + 3 county + 6 tract digits	11001000100 | 06037101110		^\d{11}$	Preserve leading zeros and implied tract decimal.	Census tract GEOID field.	Lookup census vintage/geography.	vintage + 11-digit GEOID	public	Tract codes can contain implied decimal; boundaries/codes change by decennial vintage.	census_geography		high
geo.fips_county	agency_program_technical	FIPS/ANSI county code	Census Bureau / ANSI	county-equivalent geography	controlled	lookup	current	Three digits, unique only within state	001 | 510		^\d{3}$	Preserve leading zeros.	FIPS county field.	Lookup with state code and vintage.	vintage + state FIPS + county FIPS	public	County code alone is not national; independent cities/territories and reorganizations create edge cases.	fips_codes		high
geo.fips_state	agency_program_technical	FIPS/ANSI state code	Census Bureau / ANSI	state/territory geography	controlled	lookup	current	Two digits	11 | 06 | 72		^\d{2}$	Preserve leading zero.	FIPS state field.	Lookup edition/current ANSI code list.	code-list edition + state code	public	Two digits alone are never self-identifying; historical codes/status changes require effective dates.	fips_codes		high
geo.fips_state_county	agency_program_technical	Combined state-county FIPS code	Census Bureau / ANSI	county-equivalent geography	compound	lookup	current	Two-digit state + three-digit county	11001 | 06037		^\d{5}$	Preserve leading zeros.	Combined county GEOID/FIPS field.	Split 2+3 and lookup vintage.	vintage + combined code	public	Same five-digit shape as ZIP/ZCTA/CBSA and other geography codes; field semantics are mandatory.	fips_codes | census_geography		high
geo.gnis_feature_id	agency_program_technical	GNIS Feature ID	U.S. Geological Survey / U.S. Board on Geographic Names	named geographic feature	formal	contextual	current	Numeric feature identifier	529870 | GNIS 2390664		(?i)\b(?:GNIS(?:\s+Feature)?\s*(?:ID|No\.?)?\s*)?(?P<number>\d{1,10})\b	Store integer.	GNIS field/label.	Lookup GNIS; require field/URL when unlabeled.	GNIS namespace	public	Names and coordinates can change while Feature ID persists; numeric shape is generic.	gnis		high
justice.ori	agency_program_technical	Originating Agency Identifier (ORI)	FBI/NCIC and criminal-justice networks	agency	controlled	lookup	current	Common nine-character alphanumeric agency code	VA1234567 | CA034015G		\b[A-Z]{2}[A-Z0-9]{7}\b	Uppercase.	ORI/NCIC/law-enforcement field.	Exact lookup in NCIC/authorized ORI tables; apply dissemination restrictions.	ORI namespace	sensitive	State-prefix convention has exceptions for federal/tribal/international agencies; not all ORI directories are public. Shape collides with many IDs.	niem	niem_repo	high
legal.ferc_citation	agency_program_technical	FERC reporter citation	Federal Energy Regulatory Commission	published decision/order	formal	candidate	current	Volume FERC paragraph division,number	99 FERC ¶ 61,123 | 99 FERC ¶ 62,030		(?i)\b(?P<volume>\d{1,3})\s+FERC\s+(?:¶|P)\s*(?P<division>\d{2}),(?P<number>\d{3})\b	Normalize paragraph symbol and comma.		Resolve to FERC order/decision.	FERC reporter + volume + paragraph	public	Division 61/62 and reporter conventions matter; citation is distinct from docket/accession/order number.	ferc	eyecite | reporters_db	high
nara.accession_number	agency_program_technical	NARA accession number	National Archives and Records Administration	records transfer/accession	historical	broad	current	Era/office-record-group-year-sequence, with historical variants	NRFFA-276-99-0001 | NN3-059-99-001		(?i)\bN[A-Z0-9]{1,6}-\d{2,4}-\d{2}-\d{3,4}\b	Uppercase; preserve punctuation.	NARA accession context.	Validate in accession/catalog records.	NARA accession namespace	public	Legacy accession systems use several prefixes and component lengths; broad regex is not exhaustive.	nara_ids		high
nara.local_identifier	agency_program_technical	NARA local identifier	NARA or creating archival unit	archival record	delegated	none	current	Creator/unit-specific text, up to catalog field limits	Local ID: 306-NT-174.1 | RG 59 Entry A1-123			Preserve exact raw and archival unit.	NARA Local Identifier field.	Validate from NARA Catalog metadata.	archival unit + local identifier	public	No universal grammar; local IDs are only unique within the creating/cataloging unit and can contain punctuation/spaces.	nara_ids		high
nara.naid	agency_program_technical	National Archives Identifier (NAID)	National Archives and Records Administration	archival description/object	formal	contextual	current	Numeric Catalog identifier	1234567 | NAID 246789		(?i)\bNAID\s*(?:No\.?\s*)?(?P<number>\d+)\b	Store integer; retain labeled raw form.	NAID label or catalog URL/API.	Lookup in National Archives Catalog.	NARA Catalog namespace	public	Bare numeric value is unusable without NAID field/URL. A description can cover a series/file/item and may have digital-object children.	nara_ids		high
nara.record_group	agency_program_technical	NARA Record Group number	National Archives and Records Administration	record group	formal	candidate	current	RG + 1–3 digit number	RG 59 | Record Group 330		(?i)\b(?:RG|Record\s+Group)\s*(?:No\.?\s*)?(?P<number>\d{1,3})\b	Normalize label to RG.		Lookup NARA record-group authority data.	NARA record-group namespace	public	Not an item identifier; record groups contain many series/accessions and organizational history.	nara_ids		high
nhtsa.recall_campaign	agency_program_technical	NHTSA recall campaign number	National Highway Traffic Safety Administration	safety recall campaign	controlled	lookup	current	Two-digit year + category letter + six digits	24V123000 | 23E045000 | 22T001000		\b\d{2}[A-Z]\d{6}\b	Uppercase category letter; preserve zeros.	Recall/NHTSA context.	Lookup NHTSA recalls API; validate category.	NHTSA recall namespace	public	Manufacturer campaign numbers are separate and agency category letters differ for vehicles/equipment/tires/child seats.	nhtsa_recalls		high
nih.grant_number	agency_program_technical	NIH grant/application/award number	National Institutes of Health	grant/award/application	compound	heuristic	current	Application type + activity code + institute/center + six-digit serial + support year + suffixes	1R01AI123456-01A1S1 | R01GM987654 | 5P30CA012345-40		(?i)\b(?P<app_type>\d)?(?P<activity>[A-Z]\d{2})(?P<ic>[A-Z]{2})(?P<serial>\d{6})(?:-(?P<support>\d{2}))?(?P<suffixes>(?:[A-Z]\d+)*)\b	Remove spaces; uppercase; parse all components.	NIH/grant context.	Validate activity/IC codes, serial and suffix semantics against NIH RePORTER/award data.	funding agency + component tuple	public	Application type, support year, amendment A#, supplement S# and fellowship identifiers are components; compact numbers omit some fields. Other HHS agencies reuse NIH-style grant numbers.	nih_grants		high
nist.fips_publication	agency_program_technical	FIPS publication identifier	National Institute of Standards and Technology	standard/publication	formal	candidate	current	FIPS [PUB] number[-revision]	FIPS 140-3 | FIPS PUB 201-3		(?i)\bFIPS(?:\s+PUB)?\s+(?P<number>\d{1,3})(?:-(?P<revision>\d+))?\b	Uppercase FIPS; normalize spaces.		Lookup NIST publication and withdrawal/supersession status.	NIST FIPS publication namespace	public	FIPS number/revision is a publication identifier, not a compliant-product certificate.	nist_pubs		high
nist.nistir	agency_program_technical	NIST Interagency/Internal Report identifier	National Institute of Standards and Technology	publication	formal	candidate	current	NISTIR/NIST IR + number + optional letter	NISTIR 8286A | NIST IR 8200		(?i)\bNIST\s*I?R\s*(?P<number>\d{3,5})(?P<suffix>[A-Z])?\b	Normalize to NISTIR.		Lookup NIST publication.	NISTIR namespace	public	Letter suffix can denote a distinct report in a series, not merely a revision.	nist_pubs		high
nist.special_publication	agency_program_technical	NIST Special Publication identifier	National Institute of Standards and Technology	publication	formal	candidate	current	SP series-number[-part/letter] + revision	NIST SP 800-53 Rev. 5 | SP 800-171A Rev. 3 | NIST SP 1800-1		(?i)\b(?:NIST\s+)?SP\s+(?P<series>\d{3,4})-(?P<number>\d{1,4}[A-Z]?)(?:-(?P<part>\d+))?(?:\s+Rev\.?\s*(?P<rev>\d+))?\b	Uppercase SP/letter; parse revision separately.		Lookup NIST publication version/supersession.	NIST SP series + number + part + revision	public	Parts, appendices and update errata are version locators; citation without revision can be ambiguous.	nist_pubs		high
osha.inspection_number	agency_program_technical	OSHA inspection/activity number	Occupational Safety and Health Administration	inspection	formal	broad	current	System-assigned numeric/activity value	Inspection Number 1640157 | Activity Nr 1234567		(?i)\b(?:Inspection\s+(?:No\.?|Number)|Activity\s+(?:Nr\.?|No\.?))\s*(?P<number>\d{5,10}(?:\.\d{3})?)\b	Preserve punctuation and leading zeros.	Explicit OSHA inspection/activity label.	Validate in OSHA establishment/inspection data.	OSHA inspection system namespace	public	Legacy IMIS and newer systems expose differing display forms; numeric shape alone is not reliable.	osha_inspection		high
platform.data_gov_dataset	agency_program_technical	Data.gov/agency dataset identifier	Data.gov or source agency catalog	dataset	platform	none	current	Platform- or agency-specific UUID/slug	CKAN UUID | agency dataset slug			Preserve source catalog URL, platform ID and source-system ID separately.		Validate through catalog API.	catalog instance + platform ID	public	Data.gov aggregates catalogs; a CKAN UUID/slug is not necessarily the source agency's durable identifier and migrations can change it.	govinfo_collections		high
pubmed.pmcid	agency_program_technical	PubMed Central ID (PMCID)	National Library of Medicine	full-text article	formal	candidate	current	PMC + digits	PMC1234567 | PMCID: PMC1234567		(?i)\b(?:PMCID\s*:?\s*)?PMC(?P<number>\d+)\b	Uppercase PMC.		Lookup PMC and crosswalk to PMID/DOI.	PMC namespace	public	PMCID identifies full-text archive object and is not interchangeable with PMID.	pubmed		high
pubmed.pmid	agency_program_technical	PubMed ID (PMID)	National Library of Medicine	bibliographic citation	formal	candidate	current	Numeric PubMed record identifier	PMID: 12345678		(?i)\bPMID\s*:?\s*(?P<number>\d{1,9})\b	Store integer.	PMID label or NCBI URL/API.	Lookup PubMed.	PubMed namespace	public	Bare digits are unusable; corrections/versions are linked records, not embedded in PMID.	pubmed		high
records.foia_tracking	agency_program_technical	FOIA request/tracking number (generic open class)	Individual federal agency/component	FOIA request	delegated	none	current	Agency/system-defined	DOJ-2024-001234 | 2024-FOIA-12345 | FOIA Request No. 24-123			Preserve raw, agency/component and received date.	Explicit FOIA request/appeal context.	Validate in the issuing agency's FOIA portal/log.	agency/component + tracking number	sensitive	No government-wide grammar; agencies migrate portals and can expose separate request, appeal, referral and case numbers.	foia_gov		high
scholarly.doi	agency_program_technical	Digital Object Identifier (DOI)	DOI Foundation/registration agencies	digital object	standards	heuristic	current	10. + registrant prefix + slash + case-sensitive suffix	10.1000/xyz123 | https://doi.org/10.1038/s41586-024-00000-0		(?i)\b10\.\d{4,9}/[-._;()/:A-Z0-9]+\b	Strip doi: or resolver URL; preserve suffix case for round-trip, use case-folded lookup alias.		Resolve through DOI registry; candidate regex is intentionally conservative.	DOI namespace	public	The DOI specification permits a broader suffix character space than most regexes; trailing punctuation/parentheses require balanced parsing. DOI is not federal-issued.	doi		high
sec.accession_number	agency_program_technical	SEC EDGAR accession number	Securities and Exchange Commission	filing submission	compound	candidate	current	10-digit submitting CIK + two-digit year + six-digit sequence	0001193125-15-118890 | 000119312515118890		\b\d{10}-?\d{2}-?\d{6}\b	Canonical display NNNNNNNNNN-YY-NNNNNN; filenames often remove hyphens.		Validate accession in EDGAR; first ten digits identify submitter, not always subject company.	SEC accession namespace	public	One filing can contain many documents; amendments have separate accession numbers and form types.	sec_edgar		high
sec.ccc	agency_program_technical	SEC EDGAR CIK Confirmation Code (CCC)	Securities and Exchange Commission	filing authentication secret	secret	none	current	Eight case-sensitive characters with SEC composition rules	a1B2c3@4			Never normalize or log; redact.	EDGAR filing credential field.	Validate only in authenticated EDGAR filing workflow.	CIK account + credential	secret	Secret credential, not a public identifier. Do not extract into search indexes or knowledge graphs.	sec_edgar		high
sec.cik	agency_program_technical	SEC Central Index Key (CIK)	Securities and Exchange Commission	EDGAR filer/entity	formal	contextual	current	Numeric identifier up to ten digits; EDGAR often zero-pads to ten	0000320193 | 320193		\b\d{1,10}\b	Store numeric value plus ten-digit zero-padded display alias.	CIK/EDGAR field or URL.	Lookup in EDGAR company data.	SEC CIK namespace	public	Leading zeros are formatting, not a different filer; bare digits collide widely. A filer can change names/tickers without changing CIK.	sec_edgar		high
sec.file_number	agency_program_technical	SEC file number	Securities and Exchange Commission	registration/admin/rulemaking file	delegated	broad	current	Program-specific prefix and serial	001-36743 | 333-123456 | 3-12345 | S7-01-24		(?i)\b(?:\d{3}-\d{4,6}|3-\d{4,6}|S7-\d{2}-\d{2})\b	Uppercase letter prefixes; preserve zero padding.	SEC File No. label.	Interpret/validate by SEC form/release/program.	SEC program + file number	public	No single SEC file-number grammar: company registration, Securities Act, administrative proceedings and rulemaking use different series.	sec_edgar		high
sec.release_number	agency_program_technical	SEC release number	Securities and Exchange Commission	release/order	controlled	lookup	current	Release-series prefix + serial	Release No. 34-100123 | IA-6543 | IC-35000 | 33-11234		(?i)\b(?:Release\s+No\.?\s*)?(?P<series>33|34|35|39|40|IA|IC|LR|AAER)-(?P<number>\d{3,6})\b	Uppercase series.		Lookup SEC releases; update controlled series list.	SEC release series + number	public	A release may also carry file number, administrative proceeding number and Federal Register document number.	sec_edgar		high
supply.iuid_uii	agency_program_technical	Item Unique Identification / Unique Item Identifier (IUID/UII)	Department of Defense	individual tangible item	compound	none	current	Concatenated enterprise identifier, serial and sometimes part/lot components	Construct 1/Construct 2 UII			Preserve data qualifiers and issuer/enterprise-ID type.	IUID/UII item-marking context.	Validate according to MIL-STD-130/IUID construct and registry.	IUID construct + enterprise namespace + components	public	No single regex: CAGE/DUNS/DoDAAC enterprise IDs, serials and part/lot values create multiple constructs; data-matrix encoding includes identifiers/qualifiers.	nsn		high
supply.milstrip_document_number	agency_program_technical	MILSTRIP document number	Department of Defense	requisition/transaction	compound	heuristic	current	Six-character DoDAAC + one-digit year + three-digit Julian day + four-character serial	W25G1U42520001		\b[A-Z0-9]{6}\d{4}[A-Z0-9]{4}\b	Uppercase; parse DoDAAC/date/serial.	MILSTRIP/requisition context.	Validate DoDAAC, Julian date and transaction context.	DoDAAC + date + serial	public	One-digit year requires decade inference from context; supplementary address/suffix fields may be printed adjacent.	dodaac | nsn		medium
supply.niin	agency_program_technical	National Item Identification Number (NIIN)	Defense Logistics Agency / NATO codification system	supply item	formal	candidate	current	Nine digits: two-digit codification bureau + seven-digit item number	01-123-4567 | 011234567		\b\d{2}-?\d{3}-?\d{4}\b	Remove separators.	NIIN/NSN/supply context.	Lookup in FLIS; distinguish from SSN and other nine-digit values.	NIIN namespace	public	NIIN is not the full NSN because it omits Federal Supply Class.	nsn		high
supply.nsn	agency_program_technical	National Stock Number (NSN)	Defense Logistics Agency / NATO codification system	supply item	compound	candidate	current	Four-digit FSC + nine-digit NIIN; 13 digits total	5305-01-123-4567 | 5305011234567		\b\d{4}-?\d{2}-?\d{3}-?\d{4}\b	Remove separators; parse FSC 4 + NIIN 9.		Lookup in FLIS/WebFLIS and validate country/codification bureau segment.	NATO codification NSN namespace	public	NIIN is the final nine digits and can be cited alone; legacy Federal Stock Numbers predate NSN.	nsn		high
uscg.vessel_official_number	agency_program_technical	U.S. Coast Guard official vessel number	U.S. Coast Guard National Vessel Documentation Center	documented vessel	formal	contextual	current	Permanent six- or seven-digit official number (common modern/historical)	1234567 | 654321		\b\d{6,7}\b	Preserve number without inventing padding.	USCG Official No./documented vessel context.	Lookup documented-vessel registry.	USCG vessel documentation namespace	public	Not the state registration number, IMO number, MMSI or hull identification number; bare digits collide heavily.	uscg_vessel		medium
uspto.application_number	agency_program_technical	U.S. patent application number	U.S. Patent and Trademark Office	patent application	formal	candidate	current	Two-digit application series + slash + six-digit serial	18/123,456 | 12/345678		\b(?P<series>\d{2})/(?P<serial>\d{3},?\d{3})\b	Remove comma from serial; preserve slash.	Patent application context.	Validate in Patent Center; include filing date/type.	USPTO application namespace	mixed	Provisional, reissue, design, plant and PCT national-stage records share/relate to application number systems; unpublished applications can be confidential.	uspto_patents		high
uspto.patent_number	agency_program_technical	U.S. patent number	U.S. Patent and Trademark Office	issued patent	formal	broad	current	Utility numeric or patent-type prefix + serial	11,123,456 | US 11123456 | RE45,678 | D1,000,000 | PP35,000		(?i)\b(?:US\s*)?(?:(?P<prefix>RE|PP|D|H|T|AI|X)\s*)?(?P<number>\d{1,3}(?:,\d{3})+|\d{4,9})\b	Remove commas/spaces; uppercase type prefix.	Patent/USPTO context.	Lookup in USPTO Patent Center/search and validate patent type.	USPTO patent type + number	public	Bare utility numbers collide with ordinary numbers; early X patents and defensive/statutory series need historical handling. Kind codes belong to publications, not issued patent identity.	uspto_patents		high
uspto.ptab_aia_proceeding	agency_program_technical	PTAB AIA trial proceeding number	USPTO Patent Trial and Appeal Board	inter partes/post-grant proceeding	controlled	candidate	current	{IPR|PGR|CBM|DER}YYYY-NNNNN	IPR2024-00001 | PGR2024-00001 | CBM2020-00001 | DER2014-00001		\b(?:IPR|PGR|CBM|DER)\d{4}-\d{5}\b	Uppercase type; preserve zero padding.		Lookup in PTAB End-to-End.	PTAB proceeding namespace	public	CBM program sunset but historical dockets remain; institution/appeal papers have document numbers scoped to proceeding.	uspto_ptab		high
uspto.publication_number	agency_program_technical	U.S. patent application publication number	U.S. Patent and Trademark Office	published patent application	compound	candidate	current	US + YYYY + seven-digit publication serial + kind code	US 2024/0123456 A1 | US20240123456A1		(?i)\bUS\s*(?P<year>\d{4})\s*/?\s*(?P<serial>\d{7})\s*(?P<kind>[A-Z]\d)\b	Canonical display US YYYY/NNNNNNN KIND.		Validate publication/kind code in USPTO data.	country + publication number + kind code	public	Publication number is not the application serial number or issued patent number; republications/corrections use different kind codes.	uspto_patents		high
uspto.trademark_registration	agency_program_technical	U.S. trademark registration number	U.S. Patent and Trademark Office	registered trademark	formal	contextual	current	Numeric registration serial of variable historical length	6123456 | 123456		\b\d{5,8}\b	Remove commas; preserve source zero padding.	Registration No./trademark context.	Lookup in TSDR.	USPTO trademark registration namespace	public	Not the application serial number; old registrations have fewer digits and can be cancelled/renewed.	uspto_trademarks		high
uspto.trademark_serial	agency_program_technical	U.S. trademark application serial number	U.S. Patent and Trademark Office	trademark application	formal	contextual	current	Eight digits	97123456 | 50123456 | 79123456		\b\d{8}\b	Preserve leading zeros.	Trademark serial/TSDR context.	Lookup in USPTO TSDR; use filing basis/series metadata.	USPTO trademark serial namespace	public	The first two digits denote serial-number series; the 50 series began in 2026 and 79 is associated with Madrid filings. Bare eight digits collide widely.	uspto_trademarks		high
adjudication.asbca_number	courts_adjudication	ASBCA appeal number	Armed Services Board of Contract Appeals	contract appeal	formal	candidate	current	ASBCA + serial integer	ASBCA No. 62500 | ASBCA Nos. 62500, 62501		(?i)\bASBCA\s+Nos?\.?\s*(?P<number>\d{4,6})\b	Uppercase ASBCA; split lists.		Validate in ASBCA decision search.	ASBCA appeal namespace	public	A decision can dispose of multiple appeal numbers; contract number is a separate PIID.	asbca		high
adjudication.bva_citation_number	courts_adjudication	Board of Veterans' Appeals citation number	Department of Veterans Affairs	published Board decision	formal	candidate	current	Eight-digit publication citation number under explicit label	Citation Nr: 24012345 | Citation No. 21045678		(?i)\bCitation\s+(?:Nr|No)\.?\s*:\s*(?P<number>\d{8})\b	Preserve eight digits.	BVA decision header.	Resolve in VA BVA decision search.	BVA decision publication namespace	public	Not the veteran's claim/file number or Board docket number; person-linked decisions are redacted.	bva		high
adjudication.bva_docket	courts_adjudication	Board of Veterans' Appeals docket number	Department of Veterans Affairs	appeal	delegated	broad	current	Legacy and AMA-system docket forms	DOCKET NO. 20-12 345 | Docket No. 191234-56789		(?i)\bDocket\s+No\.?\s*(?P<docket>[0-9][0-9 -]{4,15})\b	Collapse repeated whitespace but preserve punctuation; retain raw.	BVA decision/appeal context.	Validate in source decision/VA system.	BVA docket namespace	sensitive	Legacy dockets contain spaces; modernized appeal systems use different structures. Do not confuse with citation number.	bva		high
adjudication.cbca_number	courts_adjudication	CBCA case/appeal number	Civilian Board of Contract Appeals	contract/grant/travel appeal	formal	candidate	current	CBCA + serial integer	CBCA 7123 | CBCA Nos. 7123, 7124		(?i)\bCBCA\s+(?:Nos?\.?\s*)?(?P<number>\d{3,6})\b	Uppercase CBCA; split lists.		Validate in CBCA docket/decisions.	CBCA case namespace	public	Case categories can be conveyed separately; not globally unique without CBCA namespace.	cbca		high
adjudication.eeoc_appeal	courts_adjudication	EEOC federal-sector appeal number	Equal Employment Opportunity Commission	administrative appeal	formal	candidate	current	Ten-digit appeal/request number under explicit label	EEOC Appeal No. 2020002285 | Request No. 0520240001		(?i)\b(?:EEOC\s+)?(?:Appeal|Request)\s+No\.?\s*(?P<number>\d{10})\b	Preserve ten digits.	Explicit EEOC Appeal/Request label.	Validate in EEOC federal-sector decisions.	EEOC appeal/request namespace	public	Appeal and request-for-reconsideration numbers can share shape; bare ten digits collide widely.	eeoc_appeals		high
adjudication.flra_case	courts_adjudication	FLRA case number	Federal Labor Relations Authority	administrative case	controlled	lookup	current	0-{case-type code}-{serial}	0-AR-1052 | 0-NG-123 | 0-MC-45		(?i)\b0-(?P<type>AR|NG|MC|PS|RP|CO|CU|CA|RA)-(?P<number>\d+)\b	Uppercase type.		Validate type/number in FLRA decision records; update controlled type list.	FLRA case namespace	public	Prefix list is observed and may not be exhaustive historically.	flra		high
adjudication.mspb_docket	courts_adjudication	MSPB docket number	Merit Systems Protection Board	administrative appeal	compound	heuristic	current	Regional office - action/legal code - FY/year - serial - case suffix - iteration	DC-0752-25-2535-I-1 | AT-1221-24-0123-W-1		(?i)\b[A-Z]{2}-\d{4}-\d{2}-\d{3,5}-[A-Z]{1,3}-\d+\b	Uppercase; preserve zero padding.		Validate every code segment against MSPB tables and docket search.	MSPB docket namespace	public	Legal/action and case-stage codes are controlled lists; mixed/historical formats occur. Regex only finds candidates.	mspb		high
adjudication.nlrb_case	courts_adjudication	NLRB case number	National Labor Relations Board	labor case	compound	heuristic	current	Regional office + case-type code + serial	22-CA-029179 | 01-RC-123456 | 10-CB-000123		(?i)\b(?P<region>\d{2})-(?P<type>[A-Z]{2,4})-(?P<serial>\d{5,6})\b	Uppercase type; preserve leading zeros.		Validate region/type/serial in NLRB case search.	NLRB case namespace	public	Case-type code list is extensive and changes; multiple related cases can be consolidated.	nlrb		high
adjudication.ocaho_case	courts_adjudication	OCAHO case number	DOJ Office of the Chief Administrative Hearing Officer	administrative case	historical	broad	current	Era-specific alphanumeric case number	2023A00069 | 93A00040 | 90100262 | 88S004A0		(?i)\b(?:\d{4}[A-Z]\d{5}|\d{2}[A-Z]\d{5}|\d{8}|\d{2}[A-Z]\d{3}[A-Z]\d)\b	Uppercase letters; preserve leading zeros.	OCAHO context.	Validate in OCAHO decision index.	OCAHO case namespace	public	Several historical grammars coexist; a permissive regex should be gated by OCAHO context.	ocaho | eoir		high
adjudication.ocaho_decision_reference	courts_adjudication	OCAHO decision reference number	DOJ OCAHO	published decision	platform	contextual	current	Sequential decision reference with optional letter suffix	1527a | 1420		(?i)\b(?P<number>\d{3,4})(?P<suffix>[a-z])?\b	Lowercase suffix as published.	OCAHO decision reference field.	Require OCAHO decision-reference field and validate in index.	OCAHO decision-reference namespace	public	Extremely generic without context; introduced/used as a publication reference rather than the case docket.	ocaho		high
court.appellate_docket	courts_adjudication	U.S. court of appeals docket number	Individual circuit court	appeal/petition	delegated	contextual	current	YY-sequence, court-scoped	24-1234 | No. 23-56789 | 24-1001, 24-1002		(?i)\b(?:No\.?\s*)?(?P<year>\d{2})-(?P<sequence>\d{3,5})\b	Normalize No. label and dash; preserve leading zeros.	Named circuit/appellate docket context.	Court identity is mandatory; validate in circuit docket/PACER.	circuit + docket number	public	Consolidated/cross-appeals list multiple numbers; agency petitions and original proceedings share the shape; SCOTUS regular dockets overlap.	pacer	courtlistener | juriscraper	high
court.bankruptcy_adversary	courts_adjudication	Bankruptcy adversary proceeding number	Individual U.S. bankruptcy court	adversary proceeding	delegated	heuristic	current	Court-local YY[-ap]-sequence	1:24-ap-01001 | 24-01001		(?i)\b(?:(?P<office>\d{1,2}):)?(?P<year>\d{2})(?:-ap)?-(?P<sequence>\d{4,7})(?:-(?P<initials>[A-Z]{1,6}))?\b	Preserve raw; explicitly tag adversary type.	Adversary proceeding context.	Validate in bankruptcy CM/ECF and link parent bankruptcy case when available.	bankruptcy court + adversary docket	public	When 'ap' is omitted, the number can be indistinguishable from the parent bankruptcy docket without page/context metadata.	pacer	courtlistener | juriscraper | recap	high
court.bankruptcy_case_number	courts_adjudication	U.S. bankruptcy court case number	Individual U.S. bankruptcy court	bankruptcy case	delegated	heuristic	current	Court-local YY[-bk]-sequence[-judge]	1:24-bk-12345 | 24-12345 | 24-12345-MFW		(?i)\b(?:(?P<office>\d{1,2}):)?(?P<year>\d{2})(?:-bk)?-(?P<sequence>\d{4,7})(?:-(?P<initials>[A-Z]{1,6}))?\b	Preserve raw; parse office/year/sequence/judge.	Bankruptcy/PACER context.	Require bankruptcy court identity and PACER validation.	bankruptcy court + local docket	public	Many courts omit 'bk'; lexical shape then collides with appeals, tax and other dockets. Joint/admin-consolidated cases have related numbers.	pacer | uscourts_case_numbers	courtlistener | juriscraper | recap	high
court.caaf_docket	courts_adjudication	Court of Appeals for the Armed Forces docket number	U.S. Court of Appeals for the Armed Forces	military appeal	formal	candidate	current	YY-four-digit serial / service code	No. 24-0140/AF | 23-0123/AR | 24-0001/MC		(?i)\b(?:No\.?\s*)?(?P<year>\d{2})-(?P<serial>\d{4})/(?P<service>AF|AR|MC|NA|CG|OT)\b	Uppercase service code.		Validate in CAAF docket.	CAAF docket namespace	public	Service suffix is integral; OT and future codes require list maintenance.	caaf		high
court.cavc_case	courts_adjudication	Court of Appeals for Veterans Claims docket number	U.S. Court of Appeals for Veterans Claims	appeal	formal	contextual	current	YY-serial; optional court annotation or consolidated list	23-1234 | 23-1234(E) | 23-1234/23-1300		(?i)\b(?P<year>\d{2})-(?P<serial>\d{4})(?:\((?P<annotation>[A-Z])\))?\b	Uppercase annotation; split slash-separated consolidated dockets.	Veterans Court context.	Validate in CAVC docket.	CAVC docket namespace	public	Consent/consolidation lists and annotations are not always part of canonical base docket.	cavc		high
court.cfc_case	courts_adjudication	Court of Federal Claims case number	U.S. Court of Federal Claims	case	formal	candidate	current	YY-serial + docket suffix letter(s)	23-123C | 03-654V | 20-100L		(?i)\b(?P<year>\d{2})-(?P<serial>\d{1,6})(?P<suffix>[A-Z]{1,2})\b	Uppercase suffix.		Validate in CFC docket; interpret suffix from court rules/system.	CFC docket namespace	public	V commonly marks vaccine cases; C/L/T and other suffixes reflect categories. Suffix is part of identity.	cfc		high
court.cit_case	courts_adjudication	Court of International Trade case number	U.S. Court of International Trade	case	formal	contextual	current	YY-five-digit serial (common modern form)	23-00123 | 24-00001		\b(?P<year>\d{2})-(?P<serial>\d{5})\b	Preserve zero padding.	Court of International Trade context.	Validate in CIT docket/case search.	CIT docket namespace	public	Lexically overlaps other court/agency dockets; older/historical formats may differ.	cit		high
court.cit_slip_opinion	courts_adjudication	Court of International Trade slip opinion number	U.S. Court of International Trade	slip opinion	formal	candidate	current	YY-serial or YYYY-serial with Slip Op. label	Slip Op. 24-12 | Slip Opinion 2024-45		(?i)\bSlip\s+Op(?:inion)?\.?\s*(?P<year>\d{2,4})-(?P<serial>\d{1,3})\b	Normalize year to four digits using publication date; preserve raw.		Validate against CIT opinions list.	CIT slip-opinion namespace	public	Not the case docket number; multiple opinions can issue in one case.	cit		high
court.district_case_number	courts_adjudication	U.S. district court CM/ECF case number	Individual U.S. district court	case	delegated	heuristic	current	[office:]YY-caseType-sequence[-judge initials]	1:24-cv-01234-ABC | 2:23-cr-00123-JDB | 24-mc-00010		(?i)\b(?:(?P<office>\d{1,2}):)?(?P<year>\d{2})[-:](?P<type>cv|cr|mc|mj|md|po)[-:](?P<sequence>\d{1,7})(?:-(?P<initials>[A-Z]{1,6}))?\b	Normalize separators only into parsed fields; preserve court display string and zero padding.	Federal court/docket context.	Court identity is mandatory; validate against PACER/CM-ECF/local court.	court + full local docket	public	Office/division prefix, judge initials, reassignment suffixes and local case-type codes vary. The same short docket can exist in many courts.	pacer | uscourts_case_numbers	courtlistener | juriscraper | recap	high
court.ecf_document_number	courts_adjudication	CM/ECF docket-entry/document number	Individual federal court	docket entry/document	local	contextual	current	Integer docket entry; optional attachment suffix	ECF No. 123 | Dkt. 45 | Doc. 17-1		(?i)\b(?:ECF|Dkt\.?|Docket\s+Entry|Doc\.?)\s*(?:No\.?\s*)?(?P<entry>\d+)(?:-(?P<attachment>\d+))?\b	Store entry and attachment separately.	Docket filing context.	Resolve within court case docket.	court + case docket + entry + attachment	mixed	Docket-entry numbers restart in every case; attachment 123-1 is not case 123-1. Sealed/restricted entries may be absent or renumbered in exports.	pacer	recap | courtlistener	high
court.federal_circuit_appeal	courts_adjudication	Federal Circuit appeal number	U.S. Court of Appeals for the Federal Circuit	appeal	formal	contextual	current	Four-digit year + hyphen + four-digit serial	2024-1234 | 2023-5678		\b(?P<year>\d{4})-(?P<serial>\d{4})\b	Preserve zero padding.	Federal Circuit context.	Validate in Federal Circuit docket/opinion data.	Federal Circuit docket namespace	public	Different from the two-digit docket style of regional circuits; agency case numbers may be cross-referenced.	cafc		high
court.fisc_docket	courts_adjudication	Foreign Intelligence Surveillance Court docket identifier	FISC/FISCR	case/matter	controlled	broad	current	Court-specific proceeding prefix + YY-NN	Misc. 19-02 | BR 14-01 | FISCR Misc. 20-02 | 105B(g) 07-01		(?i)\b(?:(?:FISCR\s+)?Misc\.?|BR|105B\(g\))\s+(?P<year>\d{2})-(?P<serial>\d{2})\b	Uppercase controlled prefix; preserve legal subsection punctuation.		Validate against public filing index.	FISC/FISCR + proceeding class + docket	mixed	Only a public subset is visible; prefix set is not necessarily exhaustive and classified matters may never be published.	fisc		high
court.jpml_mcp	courts_adjudication	JPML multicircuit petition number	JPML	multicircuit petition	formal	candidate	current	MCP + serial integer	MCP No. 185		(?i)\bMCP\s*(?:No\.?\s*)?(?P<number>\d{1,4})\b	Uppercase MCP.		Validate with JPML.	JPML MCP namespace	public	Distinct from MDL; relatively uncommon.	jpml		high
court.jpml_mdl	courts_adjudication	Judicial Panel on Multidistrict Litigation MDL number	JPML	multidistrict litigation	formal	candidate	current	MDL + serial integer	MDL No. 3080 | MDL 2741		(?i)\bMDL\s*(?:No\.?\s*)?(?P<number>\d{1,4})\b	Uppercase MDL; integer number.		Validate in JPML docket list; link constituent district case numbers.	JPML MDL namespace	public	MDL number identifies centralized proceeding, not every transferred civil action; district docket may include 'md'.	jpml		high
court.pacer_court_code	courts_adjudication	PACER/CM‑ECF court identifier	Administrative Office of the U.S. Courts	court/system	controlled	lookup	current	Short lowercase court/system code	nysd | cacd | ca2 | uscfc		^[a-z][a-z0-9]{2,10}$	Lowercase.	PACER URL/API/field.	Lookup PACER court list; maintain active/legacy aliases.	PACER court namespace	public	Codes are platform identifiers, not official court names; appellate/district/bankruptcy codes can follow different conventions.	pacer	courtlistener | recap	high
court.scotus_application	courts_adjudication	Supreme Court emergency/application docket number	Supreme Court of the United States	application	formal	candidate	current	Two-digit Term + A + serial	23A123 | 24A1		\b(?P<term>\d{2})A(?P<serial>\d{1,4})\b	Uppercase A.		Validate in Supreme Court docket/application search.	SCOTUS application namespace	public	Applications can later relate to a merits docket but retain their own A-number.	scotus_docket		high
court.scotus_docket	courts_adjudication	Supreme Court merits/petition docket number	Supreme Court of the United States	case/petition	formal	contextual	current	Two-digit Term prefix + hyphen + serial	23-1234 | 24-1		\b(?P<term>\d{2})-(?P<serial>\d{1,5})\b	Preserve leading zeros if printed.	Supreme Court/docket context.	Validate in Supreme Court docket search and distinguish application/original dockets.	SCOTUS docket namespace	public	Shape overlaps circuit dockets; docket prefix generally reflects Term, not filing calendar year in all circumstances.	scotus_docket		high
court.scotus_original	courts_adjudication	Supreme Court original-jurisdiction docket number	Supreme Court of the United States	original action	formal	candidate	current	Two-digit Term + letter O + serial	22O155 | 21O158		\b(?P<term>\d{2})O(?P<serial>\d{1,4})\b	Uppercase letter O; never normalize to zero.		Validate in Supreme Court docket.	SCOTUS original docket namespace	public	OCR commonly confuses O with 0; original cases can remain open across Terms.	scotus_docket		high
court.service_cca_docket	courts_adjudication	Military service Court of Criminal Appeals docket identifier	Army/Navy-Marine/Air Force/Coast Guard CCAs	military appeal	delegated	none	current	Service-court-local series	S32835 | No. 12345 | Misc. Dkt. No. 2026-06 | ACM 40001			Preserve raw and service court.		Use service court docket/opinion index.	service court + local docket	public	No single inter-service grammar: summary/regular/miscellaneous cases use different prefixes, bare serials and year-number forms; rehearing annotations are not base IDs.	caaf		high
court.tax_court_docket	courts_adjudication	U.S. Tax Court docket number	U.S. Tax Court	tax case	formal	contextual	current	serial-YY + optional proceeding suffix	12345-24 | 12345-24S | 12345-24L | 12345-24SL | 12345-24P		(?i)\b(?P<serial>\d{1,7})-(?P<year>\d{2})(?P<suffix>SL|S|L|R|X|D|P)?\b	Uppercase suffix.		Validate in DAWSON; interpret suffix using current Tax Court docket types.	Tax Court docket namespace	public	Suffixes distinguish small-tax, lien/levy, passport and other proceedings; combinations such as SL must be matched before S/L.	taxcourt		high
govinfo.uscourts.granule	courts_adjudication	GovInfo U.S. Courts opinion granule ID	GPO	opinion/order granule	platform	candidate	current	USCOURTS package ID + sequence	USCOURTS-ca1-23-1234-0 | USCOURTS-dcd-1_24-cv-01234-1		(?i)^USCOURTS-[a-z0-9]+-[A-Za-z0-9._-]+-(?P<sequence>\d+)$	Preserve exact ID.		Resolve within package granule list.	GovInfo package + granule sequence	public	Trailing sequence is publication granule order, not necessarily ECF document number.	govinfo_uscourts | govinfo_api		high
govinfo.uscourts.package	courts_adjudication	GovInfo U.S. Courts opinion package ID	GPO / contributing federal court	opinion package	platform	broad	current	USCOURTS-{court code}-{case number with colons encoded as underscores}	USCOURTS-ca1-23-1234 | USCOURTS-dcd-1_24-cv-01234		(?i)^USCOURTS-(?P<court>[a-z0-9]+)-(?P<case>[A-Za-z0-9._-]+)$	Preserve court code; decode underscores to colons only with GovInfo metadata.		Dereference GovInfo package and compare court/case metadata.	GovInfo package namespace	public	Court-local case numbering remains underneath; underscores can represent colons, and short display numbers may omit office/type/zero padding.	govinfo_uscourts | govinfo_api	usgpo_bulk_data	high
legal.bankruptcy_reporter	courts_adjudication	Bankruptcy Reporter citation	Commercial publisher / bankruptcy courts	opinion citation	vendor	candidate	current	volume B.R. page	650 B.R. 123		(?i)\b(?P<volume>\d+)\s+B\.?\s*R\.?\s+(?P<page>\d+)\b	Normalize B.R.		Resolve reporter/court/date.	reporter + volume + page	public	B.R. can be textually ambiguous without legal context; docket and court remain separate identifiers.		eyecite | reporters_db	high
legal.case_citation_generic	courts_adjudication	American case citation (generic parsed object)	Courts/publishers	opinion citation	citation_language	none	current	Full, short, supra, id., neutral and parallel citation structures	Bush v. Gore, 531 U.S. 98, 100 (2000) | 531 U.S., at 99 | Id. at 101			Use a legal citation parser; preserve spans and antecedent relations.		Resolve against reporter database and court/opinion corpus; regex alone is insufficient.	resolved opinion resource + citation instance	public	Reporter ambiguity, nominative reports, parallel citations, pin cites, short forms, id./supra, OCR and HTML boundaries require stateful parsing.	wikidata_props	eyecite | reporters_db | courtlistener	high
legal.federal_appendix	courts_adjudication	Federal Appendix citation	Commercial publisher / federal courts	unpublished appellate opinion citation	vendor	candidate	legacy_closed_series	volume F. App'x page	999 F. App'x 123 | 999 F. Appx. 123		(?i)\b(?P<volume>\d+)\s+F\.?\s*App(?:'|’)?x\.?\s+(?P<page>\d+)\b	Normalize to F. App'x.		Resolve through reporter database.	reporter + volume + page	public	Apostrophe/typographic/OCR variants are common; series publication ended but historical citations persist.		eyecite | reporters_db	high
legal.federal_claims_reporter	courts_adjudication	Federal Claims/Court of Claims reporter citation	Commercial publisher / federal claims courts	opinion citation	vendor	candidate	current	volume Fed. Cl./Ct. Cl. page	150 Fed. Cl. 123 | 300 Ct. Cl. 1		(?i)\b(?P<volume>\d+)\s+(?P<reporter>Fed\.?\s*Cl\.?|Ct\.?\s*Cl\.?)\s+(?P<page>\d+)\b	Normalize reporter and distinguish Fed. Cl. from Ct. Cl.		Resolve reporter date/court.	reporter edition + volume + page	public	Historical court reorganizations make reporter/date important.		eyecite | reporters_db	high
legal.federal_reporter	courts_adjudication	Federal Reporter citation	Commercial publisher / federal courts	court of appeals opinion citation	vendor	candidate	current	volume F.[2d|3d|4th] first-page	999 F.3d 123 | 12 F.4th 345 | 100 F.2d 1		(?i)\b(?P<volume>\d+)\s+F\.?\s*(?P<series>2d|3d|4th)\s+(?P<page>\d+)\b	Normalize series abbreviation.		Resolve reporter edition/date/court using reporter database.	reporter edition + volume + first page	public	Reporter abbreviations have OCR/spacing variants; unpublished opinions may instead use F. App'x or electronic cites.		eyecite | reporters_db	high
legal.federal_supplement	courts_adjudication	Federal Supplement citation	Commercial publisher / U.S. district courts	district court opinion citation	vendor	candidate	current	volume F. Supp. [2d|3d] page	500 F. Supp. 3d 100 | 123 F.Supp.2d 45 | 10 F. Supp. 1		(?i)\b(?P<volume>\d+)\s+F\.?\s*Supp\.?\s*(?P<series>2d|3d)?\s+(?P<page>\d+)\b	Normalize reporter/series.		Resolve through reporter database.	reporter edition + volume + first page	public	District court orders often have no reporter cite; vendor electronic cites and slip dockets are common.		eyecite | reporters_db	high
legal.flra_citation	courts_adjudication	FLRA decision citation	Federal Labor Relations Authority	published decision	formal	candidate	current	Volume FLRA page or No. decision	23 FLRA No. 4 | 72 FLRA 123		(?i)\b(?P<volume>\d{1,3})\s+FLRA\s+(?:(?:No\.?\s*)?(?P<number>\d+)|(?P<page>\d+))\b	Normalize reporter to FLRA.		Resolve through FLRA decisions; distinguish page and numbered online forms.	FLRA reporter + volume + locator	public	Citation is publication locator, not underlying case docket; one decision can address multiple cases.	flra	eyecite | reporters_db	high
legal.nlrb_citation	courts_adjudication	NLRB decision citation	National Labor Relations Board	published decision	formal	candidate	current	Volume NLRB No./page locator	375 NLRB No. 32 | 350 NLRB 123		(?i)\b(?P<volume>\d{1,3})\s+NLRB\s+(?:(?:No\.?\s*)?(?P<number>\d+)|(?P<page>\d+))\b	Normalize reporter to NLRB.		Resolve decision and docket crosswalk.	NLRB reporter + volume + locator	public	Online decision number and bound-volume page styles coexist.	nlrb	eyecite | reporters_db	high
legal.supreme_court_reporter	courts_adjudication	Supreme Court Reporter citation	Commercial publisher	published opinion citation	vendor	candidate	current	volume S. Ct. page	141 S. Ct. 123 | 141 S.Ct. 123		(?i)\b\d{1,3}\s+S\.?\s*Ct\.?\s+\d+\b	Normalize reporter abbreviation.		Resolve with reporter database; treat as secondary/vendor citation.	reporter edition + volume + page	public	Not a government-issued identifier; parallel to U.S. Reports/L. Ed.	wikidata_props	eyecite | reporters_db	high
legal.tax_court_reporter	courts_adjudication	Tax Court reporter citation	U.S. Tax Court / publishers	opinion citation	formal	broad	current	Reporter-specific volume/page or memorandum citation	160 T.C. 1 | 123 T.C.M. (CCH) 1000		(?i)\b(?P<volume>\d+)\s+T\.?\s*C\.?\s+(?P<page>\d+)\b	Normalize T.C.; handle memorandum reporters with reporter database.		Resolve against Tax Court opinion data.	reporter series + volume/decision locator	public	T.C., T.C. Memo., T.C.M. and summary opinions are distinct publication families.	taxcourt	eyecite | reporters_db	high
legal.us_reports	courts_adjudication	United States Reports citation	Supreme Court of the United States / GPO	published opinion	formal	candidate	current	volume U.S. first-page	531 U.S. 98 | 1 U. S. 2		(?i)\b(?P<volume>\d{1,3})\s+U\.?\s*S\.?\s+(?P<page>\d+)\b	Normalize reporter to U.S.		Resolve volume/page and distinguish pin cites.	reporter edition + volume + first page	public	Early nominative reports have parallel citations; slip opinions initially lack final U.S. Reports pagination.	scotus_docket	eyecite | reporters_db	high
legal.veterans_appeals_reporter	courts_adjudication	Veterans Appeals Reporter citation	U.S. Court of Appeals for Veterans Claims / publisher	opinion citation	vendor	candidate	current	volume Vet. App. page	30 Vet. App. 123		(?i)\b(?P<volume>\d+)\s+Vet\.?\s*App\.?\s+(?P<page>\d+)\b	Normalize Vet. App.		Resolve through reporter/court data.	reporter + volume + page	public	Distinct from Board of Veterans' Appeals citation numbers.	cavc	eyecite | reporters_db	high
credential.dea_registration	identity_immigration_health	DEA registration number	Drug Enforcement Administration	controlled-substance registrant	formal	broad	current	Common current/legacy form: two letters + seven digits, final checksum digit	AB1234563 | FA1234563		\b[A-Z]{2}\d{7}\b	Uppercase.	DEA/prescriber/controlled-substance context.	Apply DEA checksum candidate test and authoritative registration verification; account for business/organizational registrants.	DEA registration namespace	sensitive	Second letter historically related to registrant name but should not be treated as a hard validator; registrant-type prefixes evolve. Sensitive professional credential.	dea		medium
credential.piv_card_uuid	identity_immigration_health	PIV Card UUID	Federal PIV issuer	credential/card	formal	contextual	current	RFC 4122-style UUID stored in PIV card data	550e8400-e29b-41d4-a716-446655440000		\b[0-9a-fA-F]{8}-[0-9a-fA-F]{4}-[1-5][0-9a-fA-F]{3}-[89abAB][0-9a-fA-F]{3}-[0-9a-fA-F]{12}\b	Lowercase canonical UUID.	PIV CHUID/certificate field.	Require PIV credential context; validate certificate/card data.	PIV issuer + card UUID	sensitive	Generic UUID collision: never classify a UUID as PIV from shape alone. Card UUID can change on replacement.	piv		high
credential.piv_fascn	identity_immigration_health	PIV FASC‑N	Federal PIV issuer	credential/card holder reference	compound	none	current	Structured Federal Agency Smart Credential Number fields	FASC-N			Parse agency/system/credential/person-association fields according to FIPS 201.	PIV credential data.	Validate field-level encoding and issuer.	issuer + FASC-N fields + credential lifecycle	sensitive	FIPS 201-3 discourages relying on FASC-N as the sole identifier; uniqueness is not universal outside the Executive Branch/PIV-I, and replacement/reissuance matters.	piv		high
fda.510k_number	identity_immigration_health	510(k) premarket notification number	FDA	medical-device clearance	formal	candidate	current	K + six digits	K123456 | K240001		\bK\d{6}\b	Uppercase K.		Lookup FDA 510(k) database.	FDA 510(k) namespace	public	The first two digits commonly encode year but century/history requires database logic; K-number is not a product model number.	fda_devices		high
fda.application_number	identity_immigration_health	FDA drug/biologic application number	FDA	NDA/ANDA/BLA application	formal	candidate	current	Application-type label + generally six-digit application number	NDA 021436 | ANDA 090123 | BLA 125742		(?i)\b(?P<type>NDA|ANDA|BLA)\s*(?:No\.?\s*)?(?P<number>\d{6})\b	Uppercase type; preserve six digits.	FDA application context.	Lookup Drugs@FDA/biologics application data.	application type + application number	public	Application number alone can collide across types; BLA numbering and legacy records have historical nuances. Product numbers/supplements are separate.	fda_applications		high
fda.denovo_number	identity_immigration_health	De Novo classification request number	FDA	medical-device classification request	formal	candidate	current	DEN + six digits	DEN200001		\bDEN\d{6}\b	Uppercase DEN.		Lookup FDA De Novo database.	FDA De Novo namespace	public	Older records and decision numbers may appear with spaces/punctuation; do not confuse with docket IDs.	fda_devices		high
fda.fei	identity_immigration_health	FDA Establishment Identifier (FEI)	FDA	regulated establishment	formal	contextual	current	Ten-digit establishment identifier	3001234567		\b\d{10}\b	Preserve leading zeros.	FEI/FDA establishment field.	Lookup FDA establishment data/authorized system.	FDA FEI namespace	public_or_restricted	Ten-digit shape collides with NPI/phone/other IDs; FEI is facility-linked and may not be publicly resolvable in every program.	fda_devices		medium
fda.hde_number	identity_immigration_health	Humanitarian Device Exemption (HDE) number	FDA	medical-device approval	formal	candidate	current	H + six digits	H990001		\bH\d{6}\b	Uppercase H.	HDE/device context.	Lookup FDA HDE/PMA data.	FDA HDE namespace	public	Generic H+digits collision; HDE and HUD designations are different objects.	fda_devices		high
fda.ide_number	identity_immigration_health	Investigational Device Exemption (IDE) number	FDA	investigational device application	formal	candidate	current	G + six digits (common IDE form)	G123456		\bG\d{6}\b	Uppercase G.	IDE/investigational device context.	Validate in FDA/device records where public.	FDA IDE namespace	mixed	Generic G+digits collision; some IDE information is confidential.	fda_devices		medium
fda.ind_number	identity_immigration_health	Investigational New Drug (IND) number	FDA	investigational drug application	formal	candidate	current	IND + five/six-digit number, often displayed six digits	IND 123456 | IND No. 012345		(?i)\bIND\s*(?:No\.?\s*)?(?P<number>\d{5,6})\b	Preserve source zero padding.	FDA/IND context.	Validate in FDA/sponsor records; many IND records are confidential.	FDA IND namespace	mixed	Not all INDs/public references are searchable; context and disclosure restrictions matter.	fda_applications		medium
fda.pma_number	identity_immigration_health	Premarket Approval (PMA) number	FDA	medical-device approval	formal	candidate	current	P + six digits; optional /S + three-digit supplement	P960000 | P170019/S005		\bP\d{6}(?:/S\d{3})?\b	Uppercase P/S; preserve slash and zero padding.		Lookup FDA PMA database; distinguish original and supplements.	PMA + supplement	public	Supplement number is scoped to base PMA; amendments/panel-track supplements may have related labels.	fda_devices		high
health.clia_number	identity_immigration_health	CLIA laboratory number	CMS / state agencies	laboratory	formal	broad	current	Ten-character alphanumeric; common form two digits + letter + seven digits	40D0869394 | 11D0668319		\b\d{2}[A-Z]\d{7}\b	Uppercase.	CLIA/laboratory context.	Lookup in CMS CLIA/QCOR data.	CLIA namespace	public	Official descriptions emphasize 10 alphanumeric characters; common D-position form should be treated as a strong candidate, not a timeless exhaustive grammar.	cms_clia		high
health.cms_certification_number	identity_immigration_health	CMS Certification Number (CCN/provider number)	CMS	certified provider/facility	controlled	broad	current	Six-character legacy/current provider identifier with provider-type/state semantics	010001 | 15C0001		\b[A-Z0-9]{6,7}\b	Uppercase; preserve leading zeros.	CCN/CMS certification/provider context.	Lookup provider-specific CMS datasets and provider type.	CMS program + CCN	public	Format varies by facility/provider type and special units; formerly called OSCAR provider number. Not interchangeable with NPI.	cms_clia		medium
health.hicn	identity_immigration_health	Health Insurance Claim Number (HICN)	SSA/CMS/Railroad Retirement Board	Medicare beneficiary	historical	none	legacy	Legacy beneficiary/claim number with multiple SSA/RRB formats	123456789A | 123456789B6			Preserve raw and classify subtype; never coerce into SSN.	HICN/Medicare historical context.	Use CMS historical format tables and privacy safeguards.	legacy issuer + HICN	highly_sensitive	Often SSN-derived with Beneficiary Identification Code, but RRB and other forms differ. Replaced by MBI and remains highly sensitive in historical data.	cms_mbi		high
health.mbi	identity_immigration_health	Medicare Beneficiary Identifier (MBI)	CMS	Medicare beneficiary	formal	candidate	current	11 characters with fixed numeric/alphabetic/alphanumeric positions; excludes B, I, L, O, S, Z	1EG4-TE5-MK73 | 1EG4TE5MK73		\b[1-9][AC-HJ-KM-NP-RT-Y][0-9AC-HJ-KM-NP-RT-Y]\d[AC-HJ-KM-NP-RT-Y][0-9AC-HJ-KM-NP-RT-Y]\d[AC-HJ-KM-NP-RT-Y]{2}\d{2}\b	Remove hyphens/spaces; uppercase.	Medicare/MBI context.	Apply positional alphabet restrictions; no public checksum/issuance validation.	CMS MBI namespace	highly_sensitive	Display commonly uses 4-3-4 grouping; letters excluded to avoid ambiguity. Highly sensitive beneficiary identifier.	cms_mbi		high
health.national_patient_id	identity_immigration_health	National patient identifier	United States health system	patient	nonexistent	none	not_implemented	No implemented federal universal patient ID				Do not synthesize one.		Use program/provider-specific identifiers subject to law and privacy policy.	none	highly_sensitive	Do not mislabel MRNs, MBIs, HICNs, SSNs or insurer member IDs as a national patient identifier.	cms_npi		high
health.ndc_hipaa_11	identity_immigration_health	NDC—HIPAA 11-digit billing format	CMS/HIPAA transformation of FDA NDC	drug billing code	formal	candidate	current	Five-digit labeler + four-digit product + two-digit package, created by padding native NDC segment	01234-5678-90 | 01234567890		\b(?:\d{5}-\d{4}-\d{2}|\d{11})\b	Store 5-4-2 segments and retain source native NDC mapping.	Drug claim/NDC field.	Validate reversible mapping to an FDA-listed native NDC; multiple native segmentations make padding provenance essential.	HIPAA NDC tuple	public	An 11-digit billing NDC is not necessarily the printed FDA 10-digit NDC; dropping the padding without segment metadata can map incorrectly.	fda_ndc		high
health.ndc_native_10	identity_immigration_health	National Drug Code—native 10-digit labeler format	FDA	drug package	formal	candidate	current_until_2033_transition	10 digits in 4-4-2, 5-3-2, or 5-4-1 segmentation	1234-5678-90 | 12345-678-90 | 12345-6789-0		\b(?:\d{4}-\d{4}-\d{2}|\d{5}-\d{3}-\d{2}|\d{5}-\d{4}-\d)\b	Preserve segment lengths; do not merely remove hyphens because segmentation is semantic.	NDC/drug context.	Lookup FDA NDC Directory; validate labeler/product/package segments and marketing status.	FDA NDC namespace + segment tuple	public	Unhyphenated 10 digits are ambiguous among the three segmentations. This format remains current through the FDA transition period.	fda_ndc		high
health.ndc_uniform_12	identity_immigration_health	NDC—future uniform 12-digit format	FDA	drug package	formal	candidate	future_effective_2033-03-07	Six-digit labeler + four-digit product + two-digit package	123456-7890-12 | 123456789012		\b(?:\d{6}-\d{4}-\d{2}|\d{12})\b	Store 6-4-2 segments.	NDC/FDA data with effective date.	Apply only with effective-date/version context and FDA directory lookup.	FDA NDC namespace + effective date	public	FDA's uniform 12-digit format becomes effective March 7, 2033; transition/labeling dates span multiple years. Do not accept it as a current NDC merely by shape before effective data says so.	fda_ndc		high
health.npi	identity_immigration_health	National Provider Identifier (NPI)	CMS	health-care provider	formal	contextual	current	Ten digits with ISO/IEC 7812 Luhn check using 80840 prefix	1234567893		\b\d{10}\b	Preserve leading zeros.	NPI/provider/NPPES context.	Apply NPI Luhn validation and lookup NPPES.	NPI namespace	public	Ten digits collide with many IDs; an NPI identifies a provider/entity, not licensure or specialty.	cms_npi		high
immigration.anumber	identity_immigration_health	Alien Registration Number / A‑Number	DHS / USCIS / ICE	noncitizen/person case identity	formal	broad	current	A prefix plus historically 7–9 digits; many current systems canonicalize to nine digits	A012345678 | 123456789 | A1234567		(?i)\bA[- ]?\d{7,9}\b|\b\d{9}\b	Remove A and separators for canonical numeric value; left-pad older 7/8-digit values to nine only when the target system specifies.	A-number/USCIS/ICE/immigration context.	Require immigration context; verify against source record.	DHS A-number namespace	highly_sensitive	ICE locator expects nine digits and leading zeros for older numbers; some USCIS interfaces/documentation expose inconsistent 9/10-digit guidance. Bare nine digits collide with SSN and other IDs.	ice_anumber | uscis_receipt		high
immigration.i94	identity_immigration_health	Form I‑94 admission number	U.S. Customs and Border Protection	arrival/departure record	formal	candidate	current	Historical 11 digits; modern 9 digits + letter + digit	12345678901 | 123456789A1		\b(?:\d{11}|\d{9}[A-Z]\d)\b	Uppercase letter; remove spaces.	I-94/admission/CBP context.	Require I-94/CBP context and authorized lookup.	CBP I-94 namespace	highly_sensitive	Modern alphanumeric transition coexists with older all-numeric records; bare numeric form collides broadly.	cbp_i94		high
immigration.nvc_case	identity_immigration_health	National Visa Center / immigrant visa case number	U.S. Department of State	visa case	delegated	broad	current	Post/center prefix + year/serial digits; common form three letters + ten digits	MNL2009123456 | KCC2023123456 | SCA2024001234		\b[A-Z]{3}\d{10}\b	Uppercase.	Visa/NVC/consular context.	Validate prefix/post and case in State Department workflow.	visa processing post/center + case number	sensitive	NVC, KCC, SIV and consular-post prefixes differ; transfer can produce cross-references; the broad shape is not universal for every visa workflow.	nvc		high
immigration.sevis_id	identity_immigration_health	SEVIS ID	U.S. Immigration and Customs Enforcement	student/exchange visitor record	formal	broad	current	N + ten digits (common SEVIS form)	N0012345678		\bN\d{10}\b	Uppercase N.	SEVIS/I-20/DS-2019 context.	Require SEVIS/I-20/DS-2019 context and authorized verification.	SEVIS namespace	highly_sensitive	No checksum; generic N+digits can collide. Treat format as an operational candidate rather than proof.	sevis		medium
immigration.uscis_receipt	identity_immigration_health	USCIS receipt number	U.S. Citizenship and Immigration Services	benefit request/case	formal	candidate	current	Three-letter service-center/system prefix + ten digits	EAC2190012345 | IOE0912345678 | WAC-21-900-12345		(?i)\b(?P<prefix>[A-Z]{3})[- ]?(?P<digits>\d{10})\b	Remove hyphens/spaces; uppercase.	USCIS receipt/case context.	Validate prefix against effective USCIS code list and check case-status service.	USCIS receipt namespace	sensitive	Common prefixes include EAC, WAC, LIN, SRC, MSC, NBC and IOE; printed notices may add asterisks/spaces; prefix meanings and electronic workflows evolve.	uscis_receipt		high
justice.bop_register_number	identity_immigration_health	BOP register number	Federal Bureau of Prisons	inmate/person	formal	candidate	current	Five digits + hyphen + three digits	12345-678		\b\d{5}-\d{3}\b	Preserve hyphen.	BOP/inmate/register context.	Lookup BOP inmate locator and confirm identity.	BOP register namespace	sensitive	Publicly searchable but still person-linked; may be called inmate/register number. Historical federal prisoners can have other systems/records.	bop		high
justice.clemency_case_number	identity_immigration_health	Office of the Pardon Attorney clemency case number	U.S. Department of Justice	clemency petition	formal	broad	current	P or C + six digits (observed public case lists)	P123456 | C123456		\b[PC]\d{6}\b	Uppercase.	Clemency/pardon/commutation context.	Verify against DOJ clemency data.	DOJ clemency namespace	sensitive	Letter semantics and historical formats can vary; person-linked and context-sensitive.	bop		medium
security.dhs_redress_number	identity_immigration_health	DHS TRIP redress control number	Department of Homeland Security	traveler redress case	opaque	none	current	Opaque DHS-issued value	Redress Control Number			Preserve raw; redact in logs.	Explicit redress number field.	Validate only through DHS TRIP/travel workflow.	DHS TRIP namespace	sensitive	Public sources do not define a reliable universal regex; do not conflate with a Known Traveler Number.	dhs_trip		high
security.known_traveler_number	identity_immigration_health	Known Traveler Number / PASS ID	DHS trusted-traveler programs	traveler credential	opaque	none	current	Program-issued value; format varies by source/program era	Known Traveler Number | PASSID			Preserve raw and issuing program.	Explicit KTN/PASSID field.	Validate in trusted-traveler workflow.	issuing program + value	sensitive	KTN/PASS ID/DoD ID inputs are operationally accepted in different contexts; no single safe public regex should be used for all.	tsa_ktn		high
tax.atin	identity_immigration_health	Adoption Taxpayer Identification Number (ATIN)	Internal Revenue Service	temporary individual taxpayer	formal	candidate	current	Nine digits beginning 9 with middle pair 93	912-93-1234		\b9\d{2}[- ]?93[- ]?\d{4}\b	Remove separators.	ATIN/adoption tax context.	Require ATIN/adoption tax context.	IRS ATIN namespace	highly_sensitive	Same broad nine-digit family as SSN/ITIN; temporary and privacy-sensitive.	irs_tin		high
tax.ein	identity_immigration_health	Employer Identification Number (EIN)	Internal Revenue Service	business/tax entity	formal	candidate	current	Two digits + seven digits, normally hyphenated 2-7	12-3456789 | 123456789		\b(?P<prefix>\d{2})-?(?P<serial>\d{7})\b	Normalize to NN-NNNNNNN.	EIN/FEIN/employer/tax entity context.	Validate prefix against IRS assignment table and corroborate entity/context.	IRS EIN namespace	sensitive	Unhyphenated form collides with SSN/ITIN/DUNS; not all two-digit prefixes are currently valid.	irs_tin		high
tax.ip_pin	identity_immigration_health	Identity Protection PIN (IP PIN)	Internal Revenue Service	authentication secret	secret	contextual	current	Six digits	123456		\b\d{6}\b	Preserve leading zeros; do not log.	Only explicit IP PIN fields; redact immediately.	Never validate by regex; treat as secret and redact.	person + tax year	secret	Changes annually and is not a durable person identifier. Six-digit collision is universal.	irs_tin		high
tax.itin	identity_immigration_health	Individual Taxpayer Identification Number (ITIN)	Internal Revenue Service	individual taxpayer	formal	candidate	current	Nine digits starting 9; middle pair in IRS-assigned ITIN ranges	912-70-1234 | 900-50-0001		\b9\d{2}[- ]?(?:5\d|6[0-5]|7\d|8[0-8]|9[0-2]|9[4-9])[- ]?\d{4}\b	Remove separators.	ITIN/TIN/tax context.	Validate middle range and IRS context; issuance/status cannot be confirmed by checksum.	IRS ITIN namespace	highly_sensitive	ITIN resembles an SSN but is a distinct namespace; expired ITINs remain historical identifiers.	irs_itin		high
tax.ptin	identity_immigration_health	Preparer Tax Identification Number (PTIN)	Internal Revenue Service	tax return preparer	formal	candidate	current_with_legacy	P + eight digits	P01234567		\bP\d{8}\b	Uppercase P.	PTIN/tax preparer context.	Lookup/verify through IRS PTIN system where authorized.	IRS PTIN namespace	sensitive	Legacy PTIN formats used an S prefix before modern reissuance; PTIN is personal credential data.	irs_ptin		high
tax.ssn	identity_immigration_health	Social Security Number (SSN)	Social Security Administration	person/taxpayer	formal	candidate	current	Nine digits, commonly 3-2-4 display grouping	123-45-6789 | 123 45 6789 | 123456789		\b(?P<a>\d{3})[- .]?(?P<g>\d{2})[- .]?(?P<s>\d{4})\b	Remove spaces/hyphens/dots; never expose normalized value unnecessarily.	SSN/TIN/tax/person context; suppress in public outputs.	Reject area 000, 666, and 900–999; group 00; serial 0000; apply privacy controls and source verification.	SSA SSN namespace	highly_sensitive	Randomization ended geographic meaning. Masked forms such as XXX-XX-6789 are references, not full SSNs. Many PII libraries use permissive candidate regexes and miss some invalid ranges.	ssa_ssn	presidio	high
tax.ssn_last4	identity_immigration_health	Masked SSN / last four digits	Document issuer / person	partial identifier	partial	contextual	current	Mask + four trailing digits	XXX-XX-6789 | ***-**-6789 | SSN ending 6789		(?i)\b(?:X{3}|\*{3})[- ]?(?:X{2}|\*{2})[- ]?(?P<last4>\d{4})\b|\bSSN\s+(?:ending\s+)?(?:in\s+)?(?P<last4b>\d{4})\b	Store only as partial value with mask metadata.	Explicit SSN context.	Never equate last-four values across people without corroboration.	issuer/context + last4	sensitive	Not a globally unique identifier; common collision and re-identification risk.	ssa_ssn		high
tax.tin_generic	identity_immigration_health	Taxpayer Identification Number (generic class)	Internal Revenue Service / SSA	taxpayer	umbrella	none	current	A type umbrella, not one grammar	SSN | EIN | ITIN | ATIN | PTIN			Classify subtype before normalization.	TIN field/label.	Apply subtype-specific validation and privacy policy.	subtype-specific	highly_sensitive	TIN is not synonymous with SSN; forms may accept several namespaces and masked values.	irs_tin		high
travel.passport_application_locator	identity_immigration_health	Passport application locator number	U.S. Department of State	passport application	formal	candidate	current	Nine digits	123456789		\b\d{9}\b	Preserve leading zeros.	Passport application/status context.	Require application-status context and authorized lookup.	State Department application namespace	sensitive	Not a passport number; generic numeric collision and high privacy risk.	travel_passport		high
travel.passport_number_current	identity_immigration_health	U.S. passport number (current-generation common form)	U.S. Department of State	passport credential	formal	candidate	current	One uppercase letter + eight digits	A12345678		\b[A-Z]\d{8}\b	Uppercase.	Explicit U.S. passport field/document.	Require passport context and document inspection/issuer verification.	issuing country + passport number	highly_sensitive	Older U.S. passports used numeric and other formats; foreign passports use different grammars. Do not infer nationality from shape.	travel_passport		high
travel.passport_number_legacy	identity_immigration_health	U.S. passport number (legacy/open family)	U.S. Department of State	passport credential	historical	broad	legacy	Historical numeric/alphanumeric forms	123456789 | C12345678		\b[A-Z0-9]{9}\b	Uppercase.	Passport field/document only.	Require issue date/passport context; registry-free public validation is unavailable.	issuing country + issue era + passport number	highly_sensitive	A broad nine-character regex has severe collisions. Treat current letter+8 and older numeric records as dated profiles, not one timeless grammar.	travel_passport		high
congress.amendment.api_key	legislative_congressional	Congress.gov amendment compound key	Library of Congress	API resource	compound	candidate	current	{congress}/{HAMDT|SAMDT|SUAMDT}/{number}	118/hamdt/123 | 117/samdt/456		(?i)^(?P<congress>\d{1,3})/(?P<type>hamdt|samdt|suamdt)/(?P<number>\d+)$	Lowercase in URL; store controlled uppercase type.		SUAMDT is historical; validate route against API.	Congress.gov API namespace	public	Not a human citation.	congress_api_repo	loc_congress_api	high
congress.amendment.human	legislative_congressional	Congressional amendment citation	U.S. Congress	amendment	formal	candidate	current	H.Amdt./S.Amdt./historical S.Up.Amdt. + number	H.Amdt. 123 | S.Amdt. 456 | S. Up. Amdt. 12		(?i)\b(?:(?:H|S)\.?\s*Amdt\.?|S\.?\s*Up\.?\s*Amdt\.?)\s*(?:No\.?\s*)?(?P<number>\d+)\b	Normalize type to HAMDT, SAMDT, or historical SUAMDT.		Pair with Congress and validate type/number in Congress.gov.	congress + amendment_type + number	public	Amendment numbers restart by Congress; SUAMDT appears only in limited historical coverage; chamber amendments printed inside bill text may have local numbers not Congress.gov IDs.	congress_help_amendments | congress_api	loc_congress_api | usgpo_bill_status	high
congress.bill.api_key	legislative_congressional	Congress.gov bill compound key	Library of Congress	API resource	compound	candidate	current	{congress}/{billType}/{billNumber}	118/hr/1 | 119/sjres/2		(?i)^(?P<congress>\d{1,3})/(?P<type>hr|s|hjres|sjres|hconres|sconres|hres|sres)/(?P<number>\d+)$	Lowercase API path type; map to uppercase controlled code for storage.		Validate each component and dereference Congress.gov API.	Congress.gov API namespace	public	Not a printed citation; do not merge with a bare bill number without Congress.	congress_api | congress_api_repo	loc_congress_api	high
congress.bill.hconres	legislative_congressional	House concurrent resolution	U.S. Congress	bill or resolution	formal	candidate	current	HCONRES + number; Congress is a mandatory namespace component	H. Con. Res. 12 | H. Con. Res. 12	HCONRES	(?i)\bH\.?\s*(?:Con\.?|Concurrent)\s*Res\.?\s*(?:No\.?\s*)?(?P<number>\d+)\b	Remove periods/space in type and uppercase to HCONRES; keep the printed form as raw.	Congress/date/document collection is required for identity.	Validate type against the eight Congress.gov bill types and resolve using Congress number.	congress + bill_type + number	public	Numbers restart each Congress; S. is highly ambiguous without legislative context; OCR often drops periods or inserts nonbreaking spaces.	congress_api | congress_help_bills | govinfo_bills	loc_congress_api | usgpo_bill_status	high
congress.bill.hjres	legislative_congressional	House joint resolution	U.S. Congress	bill or resolution	formal	candidate	current	HJRES + number; Congress is a mandatory namespace component	H.J. Res. 12 | H.J. Res. 12	HJRES	(?i)\bH\.?\s*J\.?\s*Res\.?\s*(?:No\.?\s*)?(?P<number>\d+)\b	Remove periods/space in type and uppercase to HJRES; keep the printed form as raw.	Congress/date/document collection is required for identity.	Validate type against the eight Congress.gov bill types and resolve using Congress number.	congress + bill_type + number	public	Numbers restart each Congress; S. is highly ambiguous without legislative context; OCR often drops periods or inserts nonbreaking spaces.	congress_api | congress_help_bills | govinfo_bills	loc_congress_api | usgpo_bill_status	high
congress.bill.hr	legislative_congressional	House bill	U.S. Congress	bill or resolution	formal	candidate	current	HR + number; Congress is a mandatory namespace component	H.R. 1234 | H.R. 1234	HR	(?i)\bH\.?\s*R\.?\s*(?:No\.?\s*)?(?P<number>\d+)\b	Remove periods/space in type and uppercase to HR; keep the printed form as raw.	Congress/date/document collection is required for identity.	Validate type against the eight Congress.gov bill types and resolve using Congress number.	congress + bill_type + number	public	Numbers restart each Congress; S. is highly ambiguous without legislative context; OCR often drops periods or inserts nonbreaking spaces.	congress_api | congress_help_bills | govinfo_bills	loc_congress_api | usgpo_bill_status	high
congress.bill.hres	legislative_congressional	House simple resolution	U.S. Congress	bill or resolution	formal	candidate	current	HRES + number; Congress is a mandatory namespace component	H. Res. 12 | H. Res. 12	HRES	(?i)\bH\.?\s*Res\.?\s*(?:No\.?\s*)?(?P<number>\d+)\b	Remove periods/space in type and uppercase to HRES; keep the printed form as raw.	Congress/date/document collection is required for identity.	Validate type against the eight Congress.gov bill types and resolve using Congress number.	congress + bill_type + number	public	Numbers restart each Congress; S. is highly ambiguous without legislative context; OCR often drops periods or inserts nonbreaking spaces.	congress_api | congress_help_bills | govinfo_bills	loc_congress_api | usgpo_bill_status	high
congress.bill.s	legislative_congressional	Senate bill	U.S. Congress	bill or resolution	formal	candidate	current	S + number; Congress is a mandatory namespace component	S. 123 | S. 123	S	(?i)(?<![A-Za-z])S\.?\s*(?:No\.?\s*)?(?P<number>\d+)\b	Remove periods/space in type and uppercase to S; keep the printed form as raw.	Congress/date/document collection is required for identity.	Validate type against the eight Congress.gov bill types and resolve using Congress number.	congress + bill_type + number	public	Numbers restart each Congress; S. is highly ambiguous without legislative context; OCR often drops periods or inserts nonbreaking spaces.	congress_api | congress_help_bills | govinfo_bills	loc_congress_api | usgpo_bill_status	high
congress.bill.sconres	legislative_congressional	Senate concurrent resolution	U.S. Congress	bill or resolution	formal	candidate	current	SCONRES + number; Congress is a mandatory namespace component	S. Con. Res. 12 | S. Con. Res. 12	SCONRES	(?i)\bS\.?\s*(?:Con\.?|Concurrent)\s*Res\.?\s*(?:No\.?\s*)?(?P<number>\d+)\b	Remove periods/space in type and uppercase to SCONRES; keep the printed form as raw.	Congress/date/document collection is required for identity.	Validate type against the eight Congress.gov bill types and resolve using Congress number.	congress + bill_type + number	public	Numbers restart each Congress; S. is highly ambiguous without legislative context; OCR often drops periods or inserts nonbreaking spaces.	congress_api | congress_help_bills | govinfo_bills	loc_congress_api | usgpo_bill_status	high
congress.bill.sjres	legislative_congressional	Senate joint resolution	U.S. Congress	bill or resolution	formal	candidate	current	SJRES + number; Congress is a mandatory namespace component	S.J. Res. 12 | S.J. Res. 12	SJRES	(?i)\bS\.?\s*J\.?\s*Res\.?\s*(?:No\.?\s*)?(?P<number>\d+)\b	Remove periods/space in type and uppercase to SJRES; keep the printed form as raw.	Congress/date/document collection is required for identity.	Validate type against the eight Congress.gov bill types and resolve using Congress number.	congress + bill_type + number	public	Numbers restart each Congress; S. is highly ambiguous without legislative context; OCR often drops periods or inserts nonbreaking spaces.	congress_api | congress_help_bills | govinfo_bills	loc_congress_api | usgpo_bill_status	high
congress.bill.sres	legislative_congressional	Senate simple resolution	U.S. Congress	bill or resolution	formal	candidate	current	SRES + number; Congress is a mandatory namespace component	S. Res. 12 | S. Res. 12	SRES	(?i)\bS\.?\s*Res\.?\s*(?:No\.?\s*)?(?P<number>\d+)\b	Remove periods/space in type and uppercase to SRES; keep the printed form as raw.	Congress/date/document collection is required for identity.	Validate type against the eight Congress.gov bill types and resolve using Congress number.	congress + bill_type + number	public	Numbers restart each Congress; S. is highly ambiguous without legislative context; OCR often drops periods or inserts nonbreaking spaces.	congress_api | congress_help_bills | govinfo_bills	loc_congress_api | usgpo_bill_status	high
congress.bill.text_version	legislative_congressional	Bill text version code	GPO / Congress.gov	bill text version	controlled	lookup	current	Lowercase controlled code attached to a bill text	ih | is | rh | rs | enr | eah | eas | pcs		(?i)^[a-z]{2,6}$	Lowercase only after collection/type context.	Only parse inside Congress/GovInfo bill text metadata.	Must be looked up in the current/historical bill-version code list; regex alone is meaningless.	congress + bill_type + bill_number + version_code	public	House and Senate use overlapping codes; codes are not globally unique and historical values exist.	govinfo_bills	usgpo_bill_status | usgpo_bulk_data	high
congress.committee_print.human	legislative_congressional	Committee print citation/print number	Congressional committee	committee print	delegated	heuristic	current	Printed label plus Congress-local print number	S. Prt. 118-12 | Committee Print 117-4		(?i)\b(?:(?P<chamber>H|S|J)\.?\s*Prt\.?|Committee\s+Print)\s*(?:No\.?\s*)?(?P<congress>\d{1,3})\s*[-–—]\s*(?P<number>\d+)\b	Normalize label and dash.		Prefer GovInfo package/Jacket ID; printed numbering is not uniform across all committees.	committee/chamber + congress + print/jacket	public	Some prints use a GPO jacket ID rather than a simple Congress-number pair.	govinfo_prints		high
congress.committee_system_code	legislative_congressional	Congress.gov committee system code	Library of Congress	committee/subcommittee	controlled	lookup	current	One chamber letter + committee mnemonic + two digits	hspw00 | ssju00 | jsec00 | hspw14		(?i)^(?P<chamber>[hsj])(?P<body>[a-z0-9]{2,6})(?P<subcommittee>\d{2})$	Lowercase.		Must be looked up in Congress.gov committee history; 00 normally denotes full committee and non-00 a subcommittee.	Congress.gov committee namespace	public	Codes persist across name history but are controlled, not derivable; commissions/caucuses/task forces complicate assumptions.	congress_api	loc_congress_api	high
congress.crs_product	legislative_congressional	Congressional Research Service product ID	Congressional Research Service	research product	controlled	lookup	current	Controlled alphabetic series prefix + usually five digits	R40097 | RL34234 | RS22945 | IF10001 | IN12345 | LSB10001 | TE10001		^(?:R|RL|RS|IF|IN|LSB|TE)\d{5}$	Uppercase; remove surrounding punctuation.		Lookup in Congress.gov CRS product endpoint; prefix list can grow.	CRS product namespace	public	Older product series and withdrawn products exist; do not assume R means the only report type.	crs_products | congress_api	loc_congress_api	high
congress.document.human	legislative_congressional	House/Senate document citation	U.S. Congress	congressional document	formal	candidate	current	{H.|S.} Doc. {Congress}-{number}	H. Doc. 118-1 | S. Doc. 117-3		(?i)\b(?P<chamber>H|S)\.?\s*Doc\.?\s*(?:No\.?\s*)?(?P<congress>\d{1,3})\s*[-–—]\s*(?P<number>\d+)\b	Normalize chamber, label, dash.		Resolve with chamber/Congress/number.	chamber + congress + number	public	Treaty Docs share a similar number pair but are a separate document type.	govinfo_docs | congress_api		high
congress.hearing.serial	legislative_congressional	Congressional hearing serial number	Congressional committee	hearing	delegated	heuristic	current	Committee/chamber-local serial or hearing number	Serial No. 118-10 | S. Hrg. 117-123		(?i)\b(?:(?:Serial|Hearing)\s+No\.?|[HS]\.?\s*Hrg\.?)\s*(?P<congress>\d{1,3})\s*[-–—]\s*(?P<number>\d+)\b	Normalize dash and label.		Resolve with committee/chamber/Congress; prefer GovInfo CHRG package.	committee + congress + serial	public	Not all hearings have serial numbers; printed serial and GPO jacket ID differ.	govinfo_hearings		high
congress.house_communication	legislative_congressional	House communication number	U.S. House of Representatives	communication	controlled	candidate	current	{EC|PM|PT|ML} number within Congress	EC 123 | PM 10 | PT 4 | ML 7		(?i)\b(?P<type>EC|PM|PT|ML)\s*(?:No\.?\s*)?(?P<number>\d+)\b	Uppercase type.	House communications context.	Require House context and Congress; validate type list.	House + congress + type + number	public	EC and PM also occur in Senate data; bare type+number is ambiguous.	congress_api	loc_congress_api	high
congress.house_roll_call	legislative_congressional	House roll-call vote key	U.S. House of Representatives	vote	compound	contextual	current	Congress + session + calendar year + roll-call number; human forms usually separate fields	Roll No. 80 (118th Congress, 2d Session) | 1182202480		(?i)\b(?:Roll\s*(?:Call\s*)?(?:No\.?|Number)\s*)?(?P<roll>\d{1,4})\b	Store separate congress/session/year/roll fields; do not rely on concatenated display ID.	Vote/House context and Congress/session required.	Validate against Clerk/Congress.gov vote data.	House + congress + session + roll_number	public	Congress.gov beta identifier concatenates variable-width roll number after a 3-digit Congress, 1-digit session and 4-digit year; parsing from right is necessary. Non-legislation votes may have different API coverage.	congress_help_votes | congress_api	loc_congress_api	high
congress.law.private	legislative_congressional	Private law number	U.S. Congress / GPO	enacted private law	formal	candidate	current	Priv. L. {Congress}-{law number}	Priv. L. 86-407 | Private Law 117–1		(?i)\b(?:Priv(?:ate)?\.?\s*(?:L(?:aw)?\.?))\s*(?:No\.?\s*)?(?P<congress>\d{1,3})\s*[-–—]\s*(?P<number>\d+)\b	Normalize dash and label to Priv. L.		Resolve against official law collection.	private + congress + law_number	public	Private-law numbering is separate from public laws; older GovInfo package names can contain irregular separators.	govinfo_laws	usgpo_bulk_data	high
congress.law.public	legislative_congressional	Public law number	U.S. Congress / GPO	enacted law	formal	candidate	current	Pub. L. {Congress}-{law number}	Pub. L. 117-58 | Public Law 118–5 | P.L. 117-58		(?i)\b(?:Pub(?:lic)?\.?\s*(?:L(?:aw)?\.?)|P\.?\s*L\.?)\s*(?:No\.?\s*)?(?P<congress>\d{1,3})\s*[-–—]\s*(?P<number>\d+)\b	Normalize dash to ASCII hyphen and label to Pub. L.		Congress and law number must resolve in Congress.gov/GovInfo.	public + congress + law_number	public	OCR may turn en dash into minus/em dash; public and private law numbering are separate.	govinfo_laws | congress_help_bills	usgpo_bulk_data	high
congress.member.bioguide	legislative_congressional	Bioguide ID	Biographical Directory of the U.S. Congress	person/member	formal	candidate	current	One uppercase letter + six digits	A000360 | O000172		^[A-Z]\d{6}$	Uppercase.		Lookup in Bioguide; do not infer from name.	Bioguide namespace	public	A member can also have LIS, ICPSR, FEC, GovTrack, Wikidata and social IDs; use maintained crosswalks.	bioguide	congress_legislators	high
congress.member.lis	legislative_congressional	Senate LIS member ID	U.S. Senate Legislative Information System	senator	controlled	lookup	current	S + six digits (observed/current data model)	S000033 | S001181		^S\d{6}$	Uppercase.		Lookup in Congress-legislators/Senate data; not every historical member has one.	LIS namespace	public	Shape collides with other letter+6-digit IDs; Senate/member context required.	bioguide	congress_legislators	medium
congress.nomination	legislative_congressional	Presidential nomination number	President / U.S. Senate	nomination	formal	candidate	current	PN{number}[-partition]	PN1064 | PN230-1 | P.N. 78-4		(?i)\bP\.?\s*N\.?\s*(?P<number>\d+)(?:-(?P<partition>\d+))?\b	Remove periods/spaces; uppercase PN; preserve partition.		Pair with Congress and resolve in Congress.gov.	congress + PN number + partition	public	A base PN query can return all partitions; partitions can follow different confirmation paths; classified nominees may use a D+digits placeholder in nominee-name fields.	congress_help_nominations | congress_api	loc_congress_api	high
congress.number	legislative_congressional	Congress number	U.S. Congress	two-year Congress	formal	candidate	current	Ordinal/cardinal integer, normally 1–3 digits	118th Congress | Congress 119		(?i)\b(?:the\s+)?(?P<congress>\d{1,3})(?:st|nd|rd|th)?\s+Congress\b	Convert ordinal to integer.	Require the word Congress.	Check against Congress calendar/coverage.	congress	public	Congress numbers repeat nowhere, but dates must align.	congress_api	loc_congress_api	high
congress.report.human	legislative_congressional	Congressional committee/executive report citation	U.S. Congress	committee report	formal	candidate	current	{H.|S.|Ex.} Rept. {Congress}-{number}[, pt. N]	H. Rept. 118-123 | S. Rept. 117-45, pt. 2 | Ex. Rept. 116-5		(?i)\b(?P<kind>H|S|Ex)\.?\s*Rept\.?\s*(?:No\.?\s*)?(?P<congress>\d{1,3})\s*[-–—]\s*(?P<number>\d+)(?:\s*,?\s*(?:pt\.?|part)\s*(?P<part>\d+))?\b	Normalize report kind, dash, and part.		Map H→HRPT, S→SRPT, Ex→ERPT; resolve with Congress and part.	report_type + congress + number + part	public	Report parts may be separate granules/packages; Ex. Rept. is Senate executive business.	govinfo_reports | congress_api	loc_congress_api | usgpo_bulk_data	high
congress.senate_communication	legislative_congressional	Senate communication number	U.S. Senate	communication	controlled	candidate	current	{EC|POM|PM} number within Congress	EC 2561 | POM 12 | PM 5		(?i)\b(?P<type>EC|POM|PM)\s*(?:No\.?\s*)?(?P<number>\d+)\b	Uppercase type.	Senate communications context.	Require Senate context and Congress; validate type list.	Senate + congress + type + number	public	EC and PM overlap House codes; POM is Senate-specific.	congress_api	loc_congress_api	high
congress.senate_roll_call	legislative_congressional	Senate roll-call vote key	U.S. Senate	vote	compound	contextual	current	Congress + session + vote number	Vote No. 123, 1st Session, 118th Congress | 118-1-123		(?i)\b(?:Vote\s*(?:No\.?|Number)\s*)?(?P<vote>\d{1,4})\b	Store components separately.	Senate vote context.	Validate against Senate roll-call data.	Senate + congress + session + vote_number	public	Vote number restarts each session; human citations may include date rather than Congress.	congress_help_votes		high
congress.serial_set_number	legislative_congressional	Congressional Serial Set serial number	GPO / U.S. Congress	bound serial volume	formal	candidate	current	Integer serial assigned across House/Senate reports and documents	Serial Set 15845 | Serial No. 15845		(?i)\b(?:Congressional\s+)?Serial(?:\s+Set)?\s+(?:No\.?\s*)?(?P<number>\d{1,6})\b	Integer.	Require Serial Set or publication metadata.	Lookup serial-set metadata; distinguish hearing serial numbers.	Serial Set namespace	public	The word Serial is heavily ambiguous; individual publications also carry Congress/document numbers and sometimes multiple serial volumes.	govinfo_collections		high
congress.session	legislative_congressional	Congressional session number	U.S. Congress	session	formal	candidate	current	Usually 1 or 2 within a Congress	1st Session | 2d Sess.		(?i)\b(?P<session>[12])(?:st|nd|d)?\s+(?:Session|Sess\.?)\b	Normalize 1st→1 and 2d/2nd→2.	Congress or publication context.	Pair with Congress; special sessions/historical sources require lookup.	congress + session	public	A session number alone is never globally unique.	congress_api		high
congress.treaty_document	legislative_congressional	Treaty document citation	President / U.S. Senate	treaty document	formal	candidate	current	Treaty Doc. {CongressReceived}-{number}[part suffix]	Treaty Doc. 117-3 | Treaty Document 114-13A		(?i)\bTreaty\s+Doc(?:ument)?\.?\s*(?:No\.?\s*)?(?P<congress>\d{1,3})\s*[-–—]\s*(?P<number>\d+)(?P<suffix>[A-Z])?\b	Normalize label/dash; uppercase optional part suffix.		Use congressReceived, not necessarily congressConsidered; resolve converted pre-97 numbering through official conversion table.	congress_received + treaty_number + suffix	public	Treaties remain active across Congresses; pre-97 original numbers were converted; parts A/B/etc. are independently addressable.	congress_help_treaties | congress_api | govinfo_docs	loc_congress_api	high
congressional_record.page	legislative_congressional	Congressional Record page citation	GPO / U.S. Congress	page/segment	formal	candidate	current	[volume Cong. Rec.] section-letter + page	170 Cong. Rec. H1234 | S5678 | E123 | D45		(?i)(?:\b(?P<volume>\d{1,3})\s+Cong\.?\s*Rec\.?\s+)?\b(?P<section>[HSED])(?P<page>\d{1,6})(?:\s*[-–—]\s*(?P<end>\d{1,6}))?\b	Uppercase section letter; preserve volume/date separately.	Require Cong. Rec. label or known Record document.	Require Congressional Record context; validate volume/date/page.	record edition/volume/date + section + page	public	H=House, S=Senate, E=Extensions of Remarks, D=Daily Digest. Page numbers can restart by edition/section and OCR often merges the letter.	govinfo_crec		high
gao.bid_protest_number	legislative_congressional	GAO legal/bid-protest B-number	Government Accountability Office	legal decision/protest	formal	candidate	current	B-{5 or 6 digits}[.supplement]	B-422681.5 | B-415714 | B-123456.2		(?i)\bB-(?P<number>\d{5,6})(?:\.(?P<supplement>\d+))?\b	Uppercase B.		Lookup in GAO legal decisions.	GAO B-number namespace	public	A decision may list several related B-numbers separated by commas; dotted suffix identifies related/supplemental matters.	gao_legal		high
gao.report_number	legislative_congressional	GAO report/product number	Government Accountability Office	report/testimony	formal	broad	current	GAO-{2-digit fiscal/publication year}-{serial}[letter suffix]	GAO-22-105659 | GAO-12-30 | GAO-03-123R		(?i)\bGAO-(?P<year>\d{2})-(?P<serial>\d{1,6})(?P<suffix>[A-Z]{0,3})\b	Uppercase GAO and suffix.		Lookup in GAO reports; year and serial length vary.	GAO product namespace	public	Historical Comptroller General reports and predecessor agency publications use other series; suffixes such as R occur.	gao_reports		high
govinfo.bills.package	legislative_congressional	GovInfo Congressional Bills package ID	GPO	publication package	compound	candidate	current	BILLS-{Congress}{billType}{number}{versionCode}	BILLS-118hr1ih | BILLS-117s2938enr		(?i)^BILLS-(?P<congress>\d{1,3})(?P<type>hr|s|hjres|sjres|hconres|sconres|hres|sres)(?P<number>\d+)(?P<version>[a-z]{2,6})$	Uppercase BILLS prefix; lowercase embedded type/version as GovInfo emits.		Validate bill type/version against controlled lists and dereference package endpoint.	GovInfo package ID	public	No separators between components after BILLS-; parsing requires longest-known type/code matching.	govinfo_bills | govinfo_api	usgpo_bulk_data | usgpo_bill_status	high
govinfo.cdoc.package	legislative_congressional	GovInfo Congressional Documents package ID	GPO	publication package	compound	candidate	current	CDOC-{Congress}{hdoc|sdoc|tdoc}{number}	CDOC-118hdoc1 | CDOC-117sdoc3 | CDOC-117tdoc3		(?i)^CDOC-(?P<congress>\d{1,3})(?P<type>hdoc|sdoc|tdoc)(?P<number>\d+)(?P<suffix>[A-Za-z]?)$	Uppercase CDOC prefix; lowercase type; uppercase treaty part suffix if present.		Dereference package.	GovInfo package ID	public	Treaty parts and publication suffixes may appear; human treaty identity follows congressReceived.	govinfo_docs | govinfo_api	usgpo_bulk_data	high
govinfo.chrg.package	legislative_congressional	GovInfo Congressional Hearing package ID	GPO	publication package	compound	candidate	current	CHRG-{Congress}{hhrg|shrg|jhrg}{jacket ID}[suffix]	CHRG-118hhrg55123 | CHRG-117shrg45123-pt2		(?i)^CHRG-(?P<congress>\d{1,3})(?P<type>hhrg|shrg|jhrg)(?P<id>\d+)(?P<suffix>(?:-pt\d+|-vol\d+|-ERRATA\d*)*)$	Uppercase CHRG prefix; lowercase document type.		Dereference package and validate jacket ID/suffix.	GovInfo package ID	public	Parts, volumes and errata are separate publication variants; jacket IDs can have leading zeros.	govinfo_hearings | govinfo_api	usgpo_bulk_data	high
govinfo.cprt.package	legislative_congressional	GovInfo Committee Print package ID	GPO	publication package	compound	broad	current	CPRT-{Congress}{HPRT|SPRT|JPRT|WPRT}{jacket/print ID}	CPRT-118HPRT55123 | CPRT-117SPRT45123 | CPRT-116JPRT40111		(?i)^CPRT-(?P<congress>\d{1,3})(?P<type>HPRT|SPRT|JPRT|WPRT)(?P<id>[A-Z0-9-]+)$	Uppercase document type and prefix.		Dereference package; suffix grammar is collection metadata, not universally numeric.	GovInfo package ID	public	The tail may be a jacket ID or print number; WPRT and historical forms need lookup.	govinfo_prints | govinfo_api	usgpo_bulk_data	high
govinfo.crec.granule	legislative_congressional	Daily Congressional Record granule ID	GPO	page granule	platform	candidate	current	CREC-{date}-pt{part}-Pg{H|S|E|D}{page}[-sequence]	CREC-2024-03-05-pt1-PgH789-2		^CREC-(?P<date>\d{4}-\d{2}-\d{2})-pt(?P<part>\d+)-Pg(?P<section>[HSED])(?P<page>\d+)(?:-(?P<seq>\d+))?$	Preserve exact case for Pg token as emitted.		Dereference GovInfo granule.	GovInfo granule ID	public	Sequence suffix disambiguates multiple granules beginning on the same page; it is not a printed pin cite.	govinfo_crec | govinfo_api	usgpo_bulk_data	high
govinfo.crec.package	legislative_congressional	Daily Congressional Record package ID	GPO	daily issue package	platform	candidate	current	CREC-YYYY-MM-DD	CREC-2024-03-05		^CREC-(?P<date>\d{4}-\d{2}-\d{2})$	ISO date.		Validate calendar date and GovInfo issue existence.	GovInfo package ID	public	No issue on every calendar day; package date is publication date, not necessarily legislative day.	govinfo_crec | govinfo_api	usgpo_bulk_data	high
govinfo.crecb.package	legislative_congressional	Bound Congressional Record package ID	GPO	bound part package	platform	candidate	current	CRECB-{year}-pt{part}	CRECB-2022-pt1		^CRECB-(?P<year>\d{4})-pt(?P<part>\d+)$	Uppercase prefix.		Dereference package.	GovInfo package ID	public	Bound-edition pagination differs from daily edition; do not equate CREC page IDs with CRECB.	govinfo_crecb | govinfo_api	usgpo_bulk_data	high
govinfo.cri.package	legislative_congressional	Congressional Record Index package ID	GPO	annual index	platform	candidate	current	CRI-{year}	CRI-2024		^CRI-(?P<year>\d{4})$	Uppercase prefix.		Dereference package.	GovInfo package ID	public	Index references include page plus date abbreviations such as S1234 [19JA]; those are locators, not separate globally unique IDs.	govinfo_cri	usgpo_bulk_data	high
govinfo.crpt.package	legislative_congressional	GovInfo Congressional Reports package ID	GPO	publication package	compound	candidate	current	CRPT-{Congress}{hrpt|srpt|erpt}{number}[suffix]	CRPT-118hrpt123 | CRPT-117srpt45-pt2 | CRPT-116erpt5		(?i)^CRPT-(?P<congress>\d{1,3})(?P<type>hrpt|srpt|erpt)(?P<number>\d+)(?P<suffix>(?:-pt\d+|-vol\d+|-ERRATA\d*)*)$	Canonicalize type lowercase; preserve suffix order/case as source.		Dereference package and verify metadata.	GovInfo package ID	public	Parts, volumes and errata suffixes may coexist; not every human report citation exposes the suffix.	govinfo_reports | govinfo_api	usgpo_bulk_data | loc_congress_api	high
govinfo.generic.package_id	legislative_congressional	GovInfo package ID (generic family)	GPO	publication package	platform	broad	current	Collection-specific package ID	FR-2024-03-05 | CFR-2024-title7-vol1 | USCOURTS-ca1-23-1234		^[A-Z][A-Z0-9]*-[A-Za-z0-9._-]+$	Do not globally change case; each collection has its own canonicalization.	GovInfo URL/API/metadata context.	Call /packages/{packageId}/summary and validate collection.	GovInfo package namespace	public	This is only a routing candidate. It deliberately overmatches and must never be treated as a universal semantic validator.	govinfo_api		high
govinfo.granule_id	legislative_congressional	GovInfo granule ID (generic family)	GPO	publication subunit	platform	broad	current	Package ID plus collection-specific granule suffix	CREC-2024-03-05-pt1-PgH789 | USCOURTS-ca1-23-1234-0		^[A-Z][A-Z0-9]*-[A-Za-z0-9._-]+$	Preserve raw case and punctuation.	GovInfo endpoint or metadata.	Validate only through /packages/{packageId}/granules or granule summary endpoint.	GovInfo package + granule namespace	public	Same lexical shape as package IDs; package/granule distinction is metadata, not reliably regex-detectable.	govinfo_api		high
govinfo.plaw.package	legislative_congressional	GovInfo Public/Private Law package ID	GPO	publication package	compound	candidate	current	PLAW-{Congress}{publ|pvtl}{number}	PLAW-117publ58 | PLAW-86pvtl407		(?i)^PLAW-(?P<congress>\d{1,3})(?P<class>publ|pvtl)-?(?P<number>\d+)$	Canonical modern form has no separator before number; retain observed legacy raw form.		Dereference package; ensure class agrees with metadata.	GovInfo package ID	public	Some legacy private-law packages exhibit a hyphen before the number; accept but do not generate it.	govinfo_laws | govinfo_api	usgpo_bulk_data	high
govinfo.serialset.package	legislative_congressional	GovInfo Congressional Serial Set package ID	GPO	serial volume package	platform	candidate	current	SERIALSET-{full serial number}	SERIALSET-15845		^SERIALSET-(?P<number>\d{1,6})$	Uppercase prefix.		Dereference package.	GovInfo package ID	public	Individual documents inside serial volumes have more complex IDs; use GovInfo metadata rather than slicing strings.	govinfo_collections | govinfo_api	usgpo_bulk_data	high
govinfo.statute.package	legislative_congressional	GovInfo Statutes at Large package ID	GPO	volume package	platform	candidate	current	STATUTE-{volume}	STATUTE-117 | STATUTE-120		^STATUTE-(?P<volume>\d{1,3})$	Uppercase prefix.		Dereference GovInfo package.	GovInfo package ID	public	Granules identify pages/acts separately; package is a whole volume.	govinfo_statute | govinfo_api	usgpo_bulk_data	high
govinfo.uscode.granule	legislative_congressional	GovInfo U.S. Code granule ID	GPO	code hierarchy node	platform	heuristic	current	Package ID + hierarchy tokens	USCODE-2023-title5-partI-chap5-subchapII-sec552		(?i)^USCODE-\d{4}-title\d{1,2}[A-Za-z]?(?:-(?:subtitle|part|subpart|chap|subchap|sec|subsec|par|subpar)[A-Za-z0-9.-]+)+(?:-dup\d+)?$	Preserve hierarchy tokens; lowercase collection tokens as emitted.		Dereference granule; do not infer hierarchy solely from string.	GovInfo granule ID	public	Duplicate-anchor suffixes such as -dup2 occur; hierarchy grammar changes by title/document edition.	govinfo_uscode	usgpo_bulk_data | usgpo_uslm	high
govinfo.uscode.package	legislative_congressional	GovInfo U.S. Code title package ID	GPO	publication package	compound	candidate	current	USCODE-{edition year}-title{title}	USCODE-2023-title5 | USCODE-2023-title42		(?i)^USCODE-(?P<year>\d{4})-title(?P<title>\d{1,2}[A-Za-z]?)$	Uppercase USCODE prefix; lowercase title token.		Dereference package and validate edition/title.	GovInfo package ID	public	Edition year is part of identity; title-level package is not a section ID.	govinfo_uscode | govinfo_api	usgpo_bulk_data | usgpo_uslm	high
gpo.sudoc	legislative_congressional	Superintendent of Documents classification number	GPO	federal publication class	controlled	heuristic	current	Agency-author symbol + class stem + colon/item	Y 4.J 89/1:118-10 | C 3.186:P-60/280 | AE 2.106:		(?i)\b[A-Z]{1,4}\s+\d+(?:\.[A-Z0-9]+)?(?:\s*/\s*[A-Z0-9.-]+)*(?::[A-Z0-9./-]*)?\b	Preserve spaces, punctuation and case; normalize only with SuDoc authority data.	Publication catalog/classification context.	Validate against GPO SuDoc class stems/current and historical schedules.	SuDoc classification namespace	public	Highly punctuation-sensitive; agency reorganizations create superseded stems; broad regex collides with ordinary section references.	sudoc | govinfo_collections		medium
legal.statutes_at_large.citation	legislative_congressional	Statutes at Large citation	GPO / Office of the Federal Register	page citation	formal	candidate	current	{volume} Stat. {page or page range}	117 Stat. 123 | 120 Stat. 1257–1260		(?i)\b(?P<volume>\d{1,3})\s+Stat\.?\s+(?P<page>\d+)(?:\s*[-–—]\s*(?P<end_page>\d+))?\b	Normalize Stat. and dash; preserve pin/range.		Check volume/page exists in Statutes at Large; citation may point to a provision rather than a whole law.	volume + page	public	One public law can span many pages; page citations are not enactment identifiers.	govinfo_statute		high
legal.us_code.citation	legislative_congressional	United States Code citation	Office of the Law Revision Counsel / GPO	codified law provision	formal	candidate	current	{title} U.S.C. § {section}{subsections}	5 U.S.C. § 552 | 42 USC 1983 | 26 U.S.C. §§ 501–509 | 28 U.S.C. 1332(a)(1)		(?i)\b(?P<title>\d{1,2})\s+U\.?\s*S\.?\s*C\.?(?:\s*(?:§{1,2}|secs?\.?))?\s*(?P<section>\d+[A-Za-z0-9.-]*)(?P<subs>(?:\([A-Za-z0-9ivxIVX-]+\))*)	Normalize reporter to U.S.C.; normalize section symbol but preserve subsection sequence.	Legal citation context strongly recommended.	Validate title/section against edition/current code; distinguish positive-law title, uncodified note, appendix, repealed/reserved sections.	code edition/date + title + section + subsection	public	Ranges, lists, 'et seq.', Appendix, notes, historical editions and subsection typography require parser logic beyond regex.	govinfo_uscode | uslm	usgpo_uslm | eyecite	high
accounting.ussgl_account	procurement_assistance_fiscal	U.S. Standard General Ledger account number	Department of the Treasury	ledger account	controlled	lookup	current	Six digits in USSGL chart of accounts	101000 | 610000		^\d{6}$	Preserve leading zeros.	USSGL/accounting field.	Lookup fiscal-year USSGL chart and account attributes.	fiscal year + USSGL account	public	Account definitions/validity can change by fiscal year; not a transaction or entity identifier.	treasury_tas		medium
assistance.cfda_number_legacy	procurement_assistance_fiscal	CFDA number (legacy name for Assistance Listing)	GSA / OMB	assistance program	formal	candidate	legacy_name	Two digits + dot + three digits	93.778 | 10.001		\b\d{2}\.\d{3}\b	Preserve leading zeros.		Lookup Assistance Listings and label as legacy terminology.	Assistance Listings namespace	public	The identifier persisted while the catalog was renamed; new alphanumeric program suffixes mean 'CFDA regex' is no longer complete.	assistance_listing		high
assistance.fain	procurement_assistance_fiscal	Federal Award Identification Number (FAIN)	Federal awarding agency	grant/cooperative agreement/assistance award	delegated	none	current	Agency-assigned alphanumeric award ID	90AC1234 | 1NU58DP007123-01 | ABC-2024-001			Preserve exactly; uppercase only if issuer specifies.	FAIN/federal assistance award field.	Validate in agency/USAspending award data and pair with awarding agency.	awarding agency + FAIN	public	There is no government-wide lexical grammar; award numbers can encode program, fiscal year, continuation/supplement and amendment information.	fain | usaspending_api		high
assistance.listing_number	procurement_assistance_fiscal	Assistance Listing number	GSA / federal program agency	assistance program	controlled	lookup	current	Two digits, dot, three alphanumeric characters	93.778 | 31.A1A		\b(?P<agency>\d{2})\.(?P<program>[A-Z0-9]{3})\b	Uppercase suffix; preserve leading zero.		Lookup current/historical Assistance Listing; track effective dates and predecessor CFDA record.	Assistance Listings namespace	public	Historically the suffix was numeric (CFDA). Alphanumeric suffixes are valid under the 2025 modernization, so numeric-only validators are now stale.	assistance_listing		high
classification.naics	procurement_assistance_fiscal	North American Industry Classification System code	OMB / Census Bureau	industry classification	controlled	lookup	current	2–6 digits; official U.S. industry codes are six digits, shorter forms are hierarchy levels	541511 | 31 | 5415		\b\d{2,6}\b	Preserve leading zeros; store edition year.	NAICS/industry field.	Lookup in the applicable NAICS edition and level.	edition + NAICS code	public	A six-digit code without edition can change meaning over time; generic numeric collision is severe.	naics		high
classification.psc	procurement_assistance_fiscal	Product and Service Code (PSC/FSC)	GSA / DLA	procurement product/service classification	controlled	lookup	current	Four alphanumeric characters	D302 | R499 | 6515		^[A-Z0-9]{4}$	Uppercase.	PSC/FSC field.	Lookup current PSC manual and active dates.	PSC edition + code	public	Numeric material codes align with Federal Supply Classes; alphabetic service/R&D conventions differ. Generic four-character collision is extreme.	psc		high
classification.soc	procurement_assistance_fiscal	Standard Occupational Classification code	OMB / Bureau of Labor Statistics	occupation classification	controlled	lookup	current	Two digits, hyphen, four digits	15-1252 | 29-0000		\b\d{2}-\d{4}\b	Preserve hyphen.	SOC/occupation field.	Lookup edition and aggregation/detail level.	edition + SOC code	public	Broad/major/minor/detailed occupation codes share shape; codes change between SOC revisions.	soc		high
entity.cage	procurement_assistance_fiscal	Commercial and Government Entity (CAGE) code	Defense Logistics Agency	U.S. entity/facility	formal	lookup	current	Five alphanumeric characters	1ABC2 | 54X10		\b[A-Z0-9]{5}\b	Uppercase.	Require CAGE label, SAM/contract context, or registry lookup.	Lookup in DLA CAGE Search & Inquiry.	CAGE namespace	public	Very high collision rate in prose; not every five-character token is CAGE. A company may have multiple CAGE codes for locations.	cage		high
entity.dodaac_aac	procurement_assistance_fiscal	DoDAAC / Federal Activity Address Code (AAC)	Defense Logistics Agency / federal agencies	activity/addressable organization	controlled	lookup	current	Six alphanumeric characters	W91QF0 | 47QTCA | 123456		\b[A-Z0-9]{6}\b	Uppercase.	Require DoDAAC/AAC/activity-address context.	Lookup in DoDAAD/Federal AAC data; distinguish active/deleted records.	DoDAAD/AAC namespace	public	All-numeric AACs and agency-defined prefixes occur; six-character shape collides broadly. DoDAAC and civilian AAC share the address-code ecosystem.	dodaac | far_piid		high
entity.duns	procurement_assistance_fiscal	D‑U‑N‑S number	Dun & Bradstreet (formerly used government-wide)	entity	formal	candidate	legacy	Nine digits	123456789 | 12-345-6789		\b\d{2}-?\d{3}-?\d{4}\b	Remove separators; left-pad only if verified by source.	Require DUNS label/legacy award field.	Validate through legacy award/entity data or D&B; no longer the federal entity identifier.	D&B DUNS namespace	public	Nine digits collide with SSNs, EINs without separators and many agency numbers; retain as legacy alias, not UEI.	sam_uei		high
entity.duns_plus4	procurement_assistance_fiscal	DUNS+4	Federal procurement legacy systems / D&B	entity payment subaccount	formal	candidate	legacy	DUNS + four-digit suffix	1234567890001 | 123456789-0001		\b\d{9}-?\d{4}\b	Remove optional separator; split 9+4.	Legacy SAM/CCR/payment context.	Validate base DUNS and system context.	base DUNS + four-digit suffix	public	The +4 suffix was user-assigned for electronic funds transfer and was not a separate legal entity identifier.	sam_uei		high
entity.ncage	procurement_assistance_fiscal	NATO Commercial and Government Entity (NCAGE) code	NATO codification authorities / DLA interface	non-U.S. entity/facility	formal	lookup	current	Five alphanumeric characters	A123B | U1ABC		\b[A-Z0-9]{5}\b	Uppercase.	Require NCAGE/non-U.S. supplier context.	Lookup in NCAGE/CAGE registry and confirm country.	NCAGE namespace	public	Lexically identical to CAGE; issuer/country metadata distinguishes them.	cage		high
entity.uei	procurement_assistance_fiscal	Unique Entity Identifier (SAM)	U.S. General Services Administration / SAM.gov	registered entity	formal	candidate	current	12 uppercase alphanumeric characters	JGSDF12A3B45 | F8V2N0A7X9K4		\b[A-Z0-9]{12}\b	Uppercase; remove spaces only when source labels UEI.	Require UEI/SAM/entity context.	Lookup SAM entity registration; syntax does not prove issuance.	SAM UEI namespace	public	Random-looking and collides with other 12-character codes; UEI replaced DUNS for federal awards in April 2022.	sam_uei		high
grants.opportunity_id	procurement_assistance_fiscal	Grants.gov Opportunity ID	Grants.gov	funding opportunity record	platform	contextual	current	Internal Grants.gov identifier, up to platform limits	345678 | OPP123456		(?i)\b[A-Z0-9]{1,20}\b	Preserve platform value.	Grants.gov OpportunityID field.	Validate through Grants.gov API/record.	Grants.gov platform namespace	public	Generic shape; must come from OpportunityID field. Do not confuse with Opportunity Number.	grants_api		high
grants.opportunity_number	procurement_assistance_fiscal	Grants.gov funding opportunity number	Issuing agency / Grants.gov	funding opportunity	delegated	none	current	Agency-assigned string, up to Grants.gov field limits	HHS-2024-ACF-OCS-EE-0001 | EPA-OAR-OTAQ-24-01			Preserve exact raw and a case-folded search alias.	Funding opportunity number label.	Validate against Grants.gov and issuing agency.	issuing agency + opportunity number	public	No universal grammar; can include fiscal year, office, program and competition sequence; may be reused only under agency rules.	grants_api		high
procurement.award_number_generic	procurement_assistance_fiscal	Agency grant/contract award number (generic open class)	Federal awarding agencies	award	delegated	none	current	Issuer-defined	DE-FOA-0001234 | FA8650-24-C-1234 | 90AC1234			Preserve raw plus issuer and program context.	Explicit award/agreement/contract/grant label.	Resolve in agency system/USAspending/SAM; classify as PIID or FAIN where possible.	issuing agency + raw award number	public	No single federal award-number regex covers procurement and assistance; many apparent formats are program-local.	fain | far_piid | usaspending_api		high
procurement.modification_number	procurement_assistance_fiscal	Contract modification number	Federal contracting agency	award modification	delegated	contextual	current	Agency/system-defined short code	P00001 | A00002 | 0001		(?i)\b(?:[AP]\d{5}|\d{4,6})\b	Uppercase; preserve zero padding.	Modification field or explicit label.	Pair with PIID and verify in source award system.	PIID + modification number	public	Not globally unique; conventions distinguish unilateral/bilateral/admin actions inconsistently by system.	far_piid | fpds		high
procurement.piid	procurement_assistance_fiscal	Procurement Instrument Identifier (PIID)	Federal contracting agency	contract/order/agreement	compound	broad	current	13–17 alphanumeric characters; common structure AAC + FY + instrument code + serial	47QTCA24F0001 | W912HQ-24-C-0001 | 140D0424C0001		(?i)\b[A-Z0-9]{6}[- ]?[A-Z0-9]{2}[- ]?[A-Z][- ]?[A-Z0-9]{4,8}\b	Remove display separators and uppercase; retain raw.	Contract/award/PIID context.	Apply FAR/agency structure rules, validate AAC, fiscal-year positions, instrument code and source system.	issuing agency + PIID	public	DoD commonly requires exactly 13 characters and excludes I/O in some positions; civilian agencies may use 13–17. Human display often inserts hyphens not present in canonical PIID.	far_piid | fpds		high
procurement.piid_supplementary	procurement_assistance_fiscal	Supplementary PIID / order identifier	Federal contracting agency	order/call under instrument	delegated	none	current	Base PIID plus agency-defined supplementary identifier	47QTCA24A0001-47QTCA24F0001			Store base and supplementary components separately.	Structured award data.	Validate under FAR 4.1602 and agency implementation.	parent PIID + supplementary/order PIID	public	Length/placement varies; a delivery/task order may itself have a standalone PIID and a parent IDV PIID.	far_piid | fpds		high
procurement.solicitation_number	procurement_assistance_fiscal	Solicitation number	Federal contracting agency	solicitation	delegated	none	current	Agency-assigned, up to system limits	47QRAA24R0001 | W912HQ-24-R-0001 | NOAA-NMFS-FHQ-2024-001			Preserve raw; optionally store dehyphenated alias.	Solicitation/notice context.	Validate in SAM/agency procurement system.	issuing agency + solicitation number	public	No universal grammar; may resemble PIID but can contain more separators/text and can be amended without changing base solicitation.	sam_opportunities		high
sam.opportunity_id	procurement_assistance_fiscal	SAM.gov internal opportunity ID	SAM.gov	contract opportunity record	platform	contextual	current	32 hexadecimal characters	0123456789abcdef0123456789abcdef		\b[0-9a-fA-F]{32}\b	Lowercase for internal storage if API does.	SAM.gov opportunityId field/URL only.	Validate via SAM opportunity API.	SAM opportunity platform namespace	public	Generic 128-bit hex shape; only accept from SAM URL/JSON field. It is distinct from solicitation_number.	sam_opportunities		high
treasury.agency_identifier	procurement_assistance_fiscal	Treasury Agency Identifier (AID)	Department of the Treasury	federal reporting entity/account component	controlled	lookup	current	Three digits	020 | 089 | 097		^\d{3}$	Preserve leading zeros.	Structured Treasury/TAS field.	Lookup Treasury agency identifier list and effective dates.	Treasury code list	public	Three digits are meaningless without field context; allocation-transfer agency ID is a separate component using the same code list.	treasury_tas		high
treasury.alc	procurement_assistance_fiscal	Agency Location Code (ALC)	Department of the Treasury	federal disbursing/collection location	controlled	lookup	current	Numeric code with length defined by Treasury system/reference data	20180001 | 12000001 | 123		^\d{3,8}$	Preserve leading zeros.	ALC field.	Lookup in Treasury ALC master data.	Treasury ALC namespace	public	Length varies across legacy/current contexts; do not strip leading zeros or infer agency from prefix without lookup.	treasury_alc		high
treasury.betc	procurement_assistance_fiscal	Business Event Type Code (BETC)	Department of the Treasury	financial transaction classification	controlled	lookup	current	Up to eight uppercase alphanumeric characters in controlled list	DISB | COLL | DISGF		^[A-Z0-9]{1,8}$	Uppercase.	BETC field/accounting context.	Exact lookup in Treasury BETC reference table; include effective dates.	Treasury BETC code list	public	Regex cannot distinguish a BETC from ordinary short codes; codes can be added/retired.	treasury_betc		high
treasury.cgac	procurement_assistance_fiscal	Common Government-wide Accounting Classification agency code (CGAC)	Department of the Treasury / OMB	agency	controlled	lookup	current	Three digits	020 | 075 | 097		^\d{3}$	Preserve leading zeros.	Agency-code field.	Lookup current/historical CGAC table.	CGAC namespace	public	Organizational reorganizations and independent agencies require effective-date tracking; lexical shape collides with AID/FIPS.	treasury_tas		high
treasury.frec	procurement_assistance_fiscal	Federal Reporting Entity Code (FREC)	Department of the Treasury	reporting entity	controlled	lookup	current	Four digits in controlled list	2000 | 7500		^\d{4}$	Preserve leading zeros.	FREC/reporting-entity field.	Lookup Treasury FREC reference data.	FREC namespace	public	Not equivalent to CGAC/AID; shape collides with years and account codes.	treasury_tas		medium
treasury.main_account_code	procurement_assistance_fiscal	Treasury main account code	Department of the Treasury	appropriation account component	controlled	contextual	current	Four digits	1801 | 0300		^\d{4}$	Preserve leading zeros.	Structured TAS field.	Validate in combination with agency/availability/subaccount.	TAS tuple	public	Not globally unique by itself.	treasury_tas		high
treasury.subaccount_code	procurement_assistance_fiscal	Treasury subaccount code	Department of the Treasury	appropriation account component	controlled	contextual	current	Three digits	000 | 001		^\d{3}$	Preserve leading zeros.	Structured TAS field.	Validate in complete TAS.	TAS tuple	public	Often 000; not globally unique.	treasury_tas		high
treasury.tas_string	procurement_assistance_fiscal	Treasury Account Symbol / String TAS	Department of the Treasury	appropriation/fund account	compound	heuristic	current	Allocation-transfer agency, agency ID, availability, main account, subaccount components	20X1801 | 020-2024/2025-1801-000 | 089X0300.1		(?i)\b(?:\d{2,3})?(?:[- ])?(?:X|\d{4}(?:/\d{4})?)[- ]?\d{4}(?:[.-]\d{1,3})?\b	Parse into official component fields; preserve source string because separator conventions differ.	Treasury/account/appropriation context.	Validate components/effective period against Treasury reference data.	TAS component tuple	public	Display 'String TAS' and componentized TAS differ; optional allocation-transfer agency, X/no-year availability, and subaccount notation create many forms.	treasury_tas		high
usaspending.award_generated_id	procurement_assistance_fiscal	USAspending generated award ID	USAspending.gov	award record	platform	broad	current	Platform prefix + source award ID + agency/account discriminator	CONT_AWD_47QTCA24F0001_4732 | CONT_IDV_47QTCA24A0001_4732 | ASST_NON_90AC1234_7590		^(?:CONT_AWD|CONT_IDV|ASST_NON|ASST_AGG)_[A-Z0-9._-]+$	Uppercase prefix; otherwise preserve platform value.		Resolve through USAspending API and retain native PIID/FAIN separately.	USAspending platform namespace	public	Generated IDs are platform joins, not issuer-native legal identifiers; source IDs can contain underscores/hyphens.	usaspending_api	usaspending_repo	high
acquisition.dfars_case	regulatory_executive	DFARS case number	Department of Defense	rulemaking case	formal	candidate	current	DFARS Case YYYY-DNNN	DFARS Case 2023-D012		(?i)\bDFARS\s+Case\s+(?P<year>\d{4})-D(?P<number>\d{3})\b	Uppercase label/D.		Lookup Defense Acquisition Regulations cases.	DFARS case namespace	public	Interim/final rules and class deviations have different identifiers.	far_piid		high
acquisition.far_case	regulatory_executive	FAR case number	FAR Council	rulemaking case	formal	candidate	current	FAR Case YYYY-NNN	FAR Case 2023-001		(?i)\bFAR\s+Case\s+(?P<year>\d{4})-(?P<number>\d{3})\b	Uppercase FAR label; preserve zero padding.		Lookup FAR cases/Federal Register RIN crosswalk.	FAR case namespace	public	A FAR case can generate multiple proposed/final/correction documents; case ID is not an FR Doc number or RIN.	far_piid | federalregister_api		high
acquisition.far_citation	regulatory_executive	Federal Acquisition Regulation citation	FAR Council / GPO	regulation provision	formal	candidate	current	FAR part/subpart/section or clause number	FAR 52.204-7 | 48 CFR 4.1603 | FAR Subpart 4.16		(?i)\bFAR\s+(?:(?:Subpart|Part)\s+)?(?P<part>\d{1,2})(?:\.(?P<section>\d{1,4}))?(?:-(?P<clause>\d+))?\b	Store title 48 CFR cross-reference separately.		Validate against Acquisition.gov/eCFR and current deviation status.	regulation + part/section/clause + edition/date	public	Agency supplements reuse the same numeric scheme with prefixes; clauses have prescriptions and alternates.	far_piid | govinfo_cfr		high
agency.rulemaking_docket.generic	regulatory_executive	Agency rulemaking docket number (generic open class)	Federal agencies	docket	delegated	none	current	Issuer-defined	EPA-HQ-OAR-2003-0129 | FAA-2024-1234 | Docket No. 24-01			Preserve raw string and issuer.	Require explicit docket label and issuer.	Use agency registry/API; no cross-government grammar.	issuing agency + docket string	public	Docket prefixes, year placement, separators and sequence lengths vary by agency and system. Regulations.gov IDs are only one major family.	regulations_api		high
cfr.citation	regulatory_executive	Code of Federal Regulations citation	GPO / Office of the Federal Register	codified regulation provision	formal	candidate	current	{title} CFR {part}[.{section}][subsections]	7 CFR 1951.7 | 40 C.F.R. § 60.2(a) | 12 CFR part 1005		(?i)\b(?P<title>\d{1,2})\s+C\.?\s*F\.?\s*R\.?(?:\s*(?:§{1,2}|parts?|pt\.?))?\s*(?P<part>\d+)(?:\.(?P<section>[A-Za-z0-9-]+))?(?P<subs>(?:\([A-Za-z0-9ivxIVX-]+\))*)	Normalize reporter to CFR; store title, part, section and subsection separately.		Title must be 1–50; validate edition/current eCFR hierarchy and reserved/removed status.	edition/date + title + part + section + subsection	public	Subparts/appendices/tables and 'et seq.' need parser logic; current eCFR and annual editions are not identical snapshots.	govinfo_cfr	eyecite | usgpo_uslm	high
executive.executive_order	regulatory_executive	Executive Order number	President of the United States	presidential directive	formal	candidate	current	Executive Order + serial number	Executive Order 14028 | E.O. 9066 | Exec. Order No. 12333		(?i)\b(?:Executive|Exec\.?)\s+Order(?:\s+No\.?)?\s*(?P<number>\d{1,5})\b|\bE\.?\s*O\.?\s*(?:No\.?\s*)?(?P<number2>\d{1,5})\b	Normalize label to Executive Order and integer number.		Lookup official Presidential Documents/Federal Register disposition tables.	Executive Order namespace	public	Numbering conventions changed historically; amendments/revocations do not create a new identity for the original order.	govinfo_presdocs | federalregister_api		high
executive.nsc_directive	regulatory_executive	National security presidential directive identifier	Executive Office of the President / NSC	policy directive	controlled	broad	current	Controlled series prefix + integer	NSM-2 | NSPM-7 | PPD-21 | HSPD-12 | NSPD-51 | PDD-63 | NSDD-145		\b(?:NSM|NSPM|PPD|HSPD|NSPD|PDD|NSDD|NSSD)-\d{1,3}\b	Uppercase prefix; integer number.		Validate series, administration and official release/status.	series + number + administration	mixed	Series restart or change by administration; many directives remain classified or partially released; identical numbers across different prefixes are unrelated.	govinfo_presdocs		medium
executive.presidential_determination	regulatory_executive	Presidential determination number	President of the United States	presidential determination	formal	broad	current	YYYY-NN within labeled determination series	Presidential Determination No. 2024-07 | Determination 2023-12		(?i)\b(?:Presidential\s+)?Determination\s+(?:No\.?\s*)?(?P<year>\d{4})-(?P<number>\d{1,3})\b	Zero-padding should follow source; normalize label only.		Lookup Presidential Documents/Federal Register.	determination series + year + number	public	Some determinations are unnumbered or published under memorandum titles.	govinfo_presdocs | federalregister_api		high
executive.proclamation	regulatory_executive	Presidential proclamation number	President of the United States	presidential document	formal	candidate	current	Proclamation + serial number	Proclamation 10140 | Proc. No. 7463		(?i)\b(?:Proclamation|Proc\.?)\s*(?:No\.?\s*)?(?P<number>\d{1,5})\b	Normalize label and number.		Lookup official Presidential Documents/Federal Register.	Presidential proclamation namespace	public	Not every historical proclamation follows the modern numbered series; ceremonial text can mention other proclamation numbers.	govinfo_presdocs | federalregister_api		high
federal_register.agency_slug	regulatory_executive	FederalRegister.gov agency slug	Office of the Federal Register	agency API key	platform	contextual	current	Lowercase hyphenated API slug	environmental-protection-agency | securities-and-exchange-commission		^[a-z0-9]+(?:-[a-z0-9]+)*$	Lowercase.	FederalRegister.gov URL/JSON only.	Lookup API agency endpoint; names and organizational history change.	FederalRegister.gov agency namespace	public	Generic slug shape; only meaningful in FederalRegister.gov fields/URLs.	federalregister_api	federalregister_api_repo	high
federal_register.citation	regulatory_executive	Federal Register citation	Office of the Federal Register / GPO	page citation	formal	candidate	current	{volume} FR {first page}[–last page]	89 FR 12345 | 89 Fed. Reg. 12,345–12,350		(?i)\b(?P<volume>\d{1,3})\s+(?:F\.?\s*R\.?|Fed\.?\s+Reg\.?)\s+(?P<page>\d{1,3}(?:,\d{3})*|\d+)(?:\s*[-–—]\s*(?P<end>\d{1,3}(?:,\d{3})*|\d+))?\b	Normalize reporter to FR and remove page commas; preserve range.		Validate volume/page/date through FederalRegister.gov or GovInfo.	volume + page	public	A page cite identifies the start/pin of a document, not the document's stable FR Doc number; annual volume resets.	federalregister_api | govinfo_fr	federalregister_api_repo | eyecite	high
federal_register.document_number	regulatory_executive	Federal Register document number	Office of the Federal Register	document	formal	broad	current	Modern YYYY-NNNNN; several legacy/correction prefixes	2024-12345 | 06-8266 | E6-12312 | C1-2024-12345		(?i)\b(?:\d{4}-\d{4,6}|\d{2}-\d{4,6}|[A-Z]\d{1,2}-\d{4,6}|C\d-\d{4}-\d{4,6})\b	Uppercase letter prefixes; preserve zero padding.		Authoritative lookup by document_number; do not validate only by year/length.	Federal Register document-number namespace	public	Legacy electronic/prepublication/correction forms coexist; the modern five-digit serial is not universal historically.	federalregister_api | govinfo_fr	federalregister_api_repo	high
govinfo.cfr.granule	regulatory_executive	GovInfo CFR granule ID	GPO	CFR hierarchy node	platform	heuristic	current	CFR package ID plus collection hierarchy tokens	CFR-2024-title7-vol1-part1 | CFR-2024-title7-vol1-sec1-1		(?i)^CFR-\d{4}-title\d{1,2}-vol\d+(?:-(?:chap|subchap|part|subpart|sec|appendix)[A-Za-z0-9.-]+)+$	Preserve source tokens.		Dereference granule; hierarchy patterns differ across titles/editions.	GovInfo granule ID	public	Section punctuation is encoded into tokens; appendix/table IDs are irregular.	govinfo_cfr	usgpo_bulk_data	high
govinfo.cfr.package	regulatory_executive	GovInfo CFR volume package ID	GPO	annual CFR volume package	compound	candidate	current	CFR-{year}-title{title}-vol{volume}	CFR-2024-title7-vol1 | CFR-2023-title40-vol8		(?i)^CFR-(?P<year>\d{4})-title(?P<title>\d{1,2})-vol(?P<volume>\d+)$	Uppercase CFR prefix; lowercase tokens.		Validate title/volume/year via GovInfo.	GovInfo package ID	public	A title can span many physical volumes; volume number is publication-specific and not a CFR part.	govinfo_cfr | govinfo_api	usgpo_bulk_data	high
govinfo.fr.granule	regulatory_executive	GovInfo Federal Register granule ID	GPO	Federal Register document granule	platform	broad	current	Federal Register document number used as granule ID	2024-12345 | E6-12312		(?i)^(?:\d{4}-\d{4,6}|\d{2}-\d{4,6}|[A-Z]\d{1,2}-\d{4,6}|C\d-\d{4}-\d{4,6})$	As Federal Register document number.		Resolve within the FR issue/package; same lexical family as FR document number.	GovInfo package + granule	public	Package context may be needed where legacy numbers collide.	govinfo_fr | govinfo_api		high
govinfo.fr.package	regulatory_executive	GovInfo Federal Register issue package ID	GPO	daily issue package	platform	candidate	current	FR-YYYY-MM-DD	FR-2024-03-05		^FR-(?P<date>\d{4}-\d{2}-\d{2})$	ISO date.		Validate issue date in GovInfo.	GovInfo package ID	public	No issue every calendar day.	govinfo_fr | govinfo_api	usgpo_bulk_data	high
omb.circular	regulatory_executive	OMB Circular number	Office of Management and Budget	circular	formal	candidate	current	A-{integer}	OMB Circular A-11 | Circular A-130		(?i)\b(?:OMB\s+)?Circular\s+A-(?P<number>\d{1,3})\b|\bOMB\s+A-(?P<number2>\d{1,3})\b	Normalize to OMB Circular A-N.		Lookup current/revised circular and appendices.	OMB circular namespace	public	Revisions keep the same circular number; appendices/attachments need separate version locators.	omb_circulars		high
omb.control_number	regulatory_executive	OMB control number	Office of Management and Budget	approved information collection	formal	contextual	current	Four-digit agency family + hyphen + four-digit collection number	1653-0054 | 0920-0572		\b(?P<agency>\d{4})-(?P<number>\d{4})\b	Preserve leading zeros.	OMB control/PRA/information-collection context.	Lookup in OIRA information-collection inventory; check expiration/status.	OMB control-number namespace	public	Lexically collides with RIN fragments, dockets and local case numbers; label/context is required.	omb_control		high
omb.icr_reference	regulatory_executive	OMB Information Collection Request reference number	OIRA	ICR submission	compound	candidate	current	YYYYMM-agency control prefix-sequence	202411-1653-002		\b(?P<yyyymm>\d{6})-(?P<agency>\d{4})-(?P<sequence>\d{3})\b	Preserve leading zeros.		Validate month, agency/control relationship and lookup in Reginfo.gov.	OIRA ICR namespace	public	A control number can have many ICR reference submissions over time.	omb_control		high
omb.memorandum	regulatory_executive	OMB memorandum number	Office of Management and Budget	memorandum	formal	candidate	current	M-YY-NN/NNN	M-26-17 | OMB M-24-10		(?i)\b(?:OMB\s+)?M-(?P<year>\d{2})-(?P<number>\d{1,3})\b	Uppercase M; preserve displayed zero padding.		Lookup OMB memorandum archive.	OMB memorandum namespace	public	Publication year generally appears in prefix but corrections/rescissions require lifecycle metadata.	omb_memos		high
presdocs.dcpd_package	regulatory_executive	Daily Compilation of Presidential Documents package ID	GPO	presidential document	platform	candidate	current	DCPD-{4-digit fiscal/publication year}{5-digit sequence}	DCPD-202400123		^DCPD-(?P<year>\d{4})(?P<sequence>\d{5})$	Uppercase prefix; preserve zero padding.		Dereference GovInfo package.	GovInfo DCPD package namespace	public	Year semantics are collection-specific; Weekly Compilation (WCPD) is the predecessor and has a different package grammar.	govinfo_presdocs | govinfo_api	usgpo_bulk_data	high
presdocs.wcpd_package	regulatory_executive	Weekly Compilation of Presidential Documents package ID	GPO	weekly compilation issue/document	platform	broad	legacy	WCPD collection-specific legacy package ID	WCPD-2009-01-19		(?i)^WCPD-[A-Za-z0-9._-]+$	Uppercase prefix; preserve suffix.		Dereference GovInfo; do not derive semantics from suffix without metadata.	GovInfo WCPD namespace	public	Legacy collection package IDs vary by issue/document granularity.	govinfo_presdocs | govinfo_api		high
regulations.comment_id	regulatory_executive	Regulations.gov comment ID	Regulations.gov / issuing agency	public comment	delegated	broad	current	Often docket ID + hyphen + serial	HHS-OCR-2018-0002-5313 | EPA-HQ-OAR-2003-0129-1234		(?i)\b[A-Z][A-Z0-9]{1,9}(?:-[A-Z0-9]{1,12}){3,8}\b	Uppercase alphabetic tokens.	Regulations.gov metadata object_type=comment.	Resolve API object type; document/comment ID grammars overlap.	Regulations.gov object namespace	public	Comments can include attached files with separate internal IDs; bulk data may expose IDs not printed in the document.	regulations_api		high
regulations.docket_id	regulatory_executive	Regulations.gov docket ID	Issuing agency / Regulations.gov	rulemaking docket	delegated	broad	current	Agency-defined hyphenated docket ID	EPA-HQ-OAR-2003-0129 | HHS-OCR-2018-0002 | FDA-2009-N-0501		(?i)\b[A-Z][A-Z0-9]{1,9}(?:-[A-Z0-9]{1,12}){2,7}\b	Uppercase alphabetic tokens; preserve separators.	Docket label or Regulations.gov URL/API context.	Must be confirmed by Regulations.gov docket endpoint; grammar is agency-defined.	Regulations.gov docket namespace	public	No universal token count; agency/component/office/type/year placement varies. The same prefix can appear in document/comment IDs.	regulations_api		high
regulations.document_id	regulatory_executive	Regulations.gov document ID	Regulations.gov / issuing agency	document	delegated	broad	current	Usually docket ID + hyphen + item serial	FDA-2009-N-0501-0012 | EPA-HQ-OAR-2003-0129-0001		(?i)\b[A-Z][A-Z0-9]{1,9}(?:-[A-Z0-9]{1,12}){3,8}\b	Uppercase alphabetic tokens.	Regulations.gov metadata object_type=document.	Resolve API object type; do not infer document versus comment solely from suffix.	Regulations.gov object namespace	public	Comment IDs often share exactly the same lexical shape; migrated/legacy records can depart from the common docket-plus-serial pattern.	regulations_api		high
regulations.object_id	regulatory_executive	Regulations.gov internal object ID	Regulations.gov	database object	platform	contextual	current	Lowercase hexadecimal internal identifier (observed 16 chars)	0900006483a6cba3		\b[0-9a-fA-F]{16}\b	Lowercase.	Only accept in Regulations.gov JSON/URL fields.	Validate via API metadata; do not treat arbitrary 16-hex strings as Regulations.gov IDs.	Regulations.gov object namespace	public	Generic hex collision risk is extreme; objectId is a platform key, not the printed agency identifier.	regulations_api		high
regulations.submission_key	regulatory_executive	Regulations.gov submission tracking key	Regulations.gov	submission	platform	contextual	current	Lowercase short hyphenated opaque token	kex-d31z-fe04		\b[a-z0-9]{3,5}(?:-[a-z0-9]{4}){2}\b	Lowercase.	Submission workflow only.	Validate only in submission API/workflow.	Regulations.gov submission namespace	sensitive	Opaque and not guaranteed stable as a public citation; broad shape collides with many IDs.	regulations_api		high
rulemaking.rin	regulatory_executive	Regulation Identifier Number (RIN)	Regulatory Information Service Center / OIRA	rulemaking	formal	candidate	current	Four digits, hyphen, two letters, two digits	1234-AA12 | 2126-AC63		\b(?P<agency>\d{4})-(?P<series>[A-Z]{2})(?P<number>\d{2})\b	Uppercase letters.		Lookup in Reginfo.gov; verify agency prefix and title.	RIN namespace	public	RIN normally persists from Unified Agenda through rulemaking stages, but withdrawn/transferred/merged items and reused text references require lifecycle data.	reginfo_rin		high
rulemaking.unified_agenda_sequence	regulatory_executive	Unified Agenda sequence number	RISC / OIRA	agenda entry locator	local	contextual	current	Agenda-edition-local integer	Sequence Number 1234		(?i)\bSequence\s+(?:No\.?|Number)\s*(?P<number>\d+)\b	Integer.	Unified Agenda context.	Require agenda edition/agency; never treat as stable cross-edition identity.	agenda edition + agency + sequence	public	Sequence numbers change by edition and are locators, unlike RINs.	reginfo_rin		high
